id,paragraph,subject,item,tasktype,translation_type,len_sl_chr,len_tl_chr,len_sl_wrd,len_tl_wrd,edit_time,k_total,k_letter,k_digit,k_white,k_symbol,k_nav,k_erase,k_copy,k_cut,k_paste,k_do,np_300,lp_300,np_1000,lp_1000,ev_time_ms,num_annotations,Language
2br02b-t1-2-pe-1,63,T1,2br02b-t1-21,pe,pe,34,18,7,3,56.583,14,1,0,0,0,1,12,0,0,0,0,4,6765,2,5806,56583,2,CA
2br02b-t1-2-pe-2,64,T1,2br02b-t1-22,pe,pe,282,269,47,46,245.716,145,52,0,17,3,17,31,0,3,3,19,53,209289,25,196491,245716,2,CA
2br02b-t1-2-pe-3,65,T1,2br02b-t1-23,pe,pe,144,123,26,22,301.278,60,28,0,3,1,8,20,0,0,0,0,20,264727,10,259720,301278,3,CA
2br02b-t1-2-pe-4,66,T1,2br02b-t1-24,pe,pe,142,144,28,31,487.806,159,64,0,10,0,56,29,0,0,0,0,27,342831,13,334950,487806,4,CA
2br02b-t1-2-pe-5,67,T1,2br02b-t1-25,pe,pe,194,175,32,32,754.446,342,129,0,21,4,114,74,0,0,0,0,49,682433,26,670913,754446,5,CA
2br02b-t1-2-pe-6,68,T1,2br02b-t1-26,pe,pe,163,141,31,28,214.209,224,39,0,3,2,131,49,0,0,0,0,24,178712,14,174124,214209,3,CA
2br02b-t1-2-pe-7,69,T1,2br02b-t1-27,pe,pe,65,59,12,10,36.036,53,29,0,4,1,1,18,0,0,0,0,9,21628,4,19172,36036,3,CA
2br02b-t1-2-pe-8,70,T1,2br02b-t1-28,pe,pe,68,78,11,15,388.197,138,67,0,15,3,15,38,0,0,0,0,27,356967,8,346091,388197,5,CA
2br02b-t1-2-pe-9,71,T1,2br02b-t1-29,pe,pe,51,37,12,7,38.242,68,29,0,6,1,9,23,0,0,0,0,17,22491,6,17203,38242,5,CA
2br02b-t1-2-pe-10,72,T1,2br02b-t1-210,pe,pe,140,146,26,25,87.557,211,83,0,17,4,42,65,0,0,0,0,31,51641,7,38106,87557,3,CA
2br02b-t1-2-pe-11,73,T1,2br02b-t1-211,pe,pe,109,131,21,28,232.238,109,64,0,13,2,12,18,0,0,0,0,22,157931,10,151168,232238,6,CA
2br02b-t1-2-pe-12,74,T1,2br02b-t1-212,pe,pe,20,36,4,7,70.677,79,47,0,5,4,11,12,0,0,0,0,11,30525,5,27152,70677,6,CA
2br02b-t1-2-pe-13,75,T1,2br02b-t1-213,pe,pe,20,11,3,1,10.976,27,6,0,0,0,6,15,0,0,0,0,5,6356,2,4950,10976,2,CA
2br02b-t1-2-pe-14,76,T1,2br02b-t1-214,pe,pe,81,92,12,14,57.227,158,72,0,14,2,14,56,0,0,0,0,24,20423,5,9864,57227,3,CA
2br02b-t1-2-pe-15,77,T1,2br02b-t1-215,pe,pe,192,207,34,34,195.806,260,126,0,23,2,12,97,0,0,0,0,51,136762,23,121173,195806,4,CA
2br02b-t1-2-pe-16,78,T1,2br02b-t1-216,pe,pe,58,62,9,9,31.117,111,35,0,2,3,40,31,0,0,0,0,13,15508,3,11218,31117,4,CA
2br02b-t1-2-pe-17,79,T1,2br02b-t1-217,pe,pe,88,82,17,15,180.223,199,51,0,10,4,64,70,0,0,0,0,25,152798,9,145005,180223,3,CA
2br02b-t1-2-pe-18,80,T1,2br02b-t1-218,pe,pe,179,174,30,34,375.247,308,109,0,22,3,114,60,0,0,0,0,39,193317,17,181548,375247,4,CA
2br02b-t1-2-pe-19,81,T1,2br02b-t1-219,pe,pe,133,150,21,26,202.22,267,70,0,10,6,109,72,0,0,0,0,40,164698,21,154662,202220,4,CA
2br02b-t1-2-pe-20,82,T1,2br02b-t1-220,pe,pe,109,123,20,22,224.511,116,34,0,4,4,40,34,0,0,0,0,16,191238,5,185476,224511,3,CA
2br02b-t1-2-pe-21,83,T1,2br02b-t1-221,pe,pe,53,61,10,11,23.364,22,12,0,0,0,1,9,0,0,0,0,6,10874,1,7291,23364,2,CA
2br02b-t1-2-pe-22,84,T1,2br02b-t1-222,pe,pe,34,34,5,5,28.427,22,8,0,0,0,3,11,0,0,0,0,6,10557,2,8617,28427,3,CA
2br02b-t1-2-pe-23,85,T1,2br02b-t1-223,pe,pe,147,116,30,21,116.439,150,42,0,6,4,72,26,0,0,0,0,17,73095,10,68150,116439,4,CA
2br02b-t1-2-pe-24,86,T1,2br02b-t1-224,pe,pe,31,43,4,7,83.137,85,42,0,6,0,5,32,0,0,0,0,23,56977,5,47412,83137,4,CA
2br02b-t1-2-pe-25,87,T1,2br02b-t1-225,pe,pe,44,48,8,9,18.028,5,2,0,0,0,2,1,0,0,0,0,2,6137,1,5192,18028,3,CA
2br02b-t1-2-pe-26,88,T1,2br02b-t1-226,pe,pe,287,275,52,46,302.858,333,127,0,17,3,110,68,0,0,0,8,52,215073,23,199515,302858,4,CA
2br02b-t1-2-pe-27,89,T1,2br02b-t1-227,pe,pe,126,130,20,24,309.891,174,76,0,8,0,36,54,0,0,0,0,28,282368,14,274883,309891,4,CA
2br02b-t1-2-pe-28,90,T1,2br02b-t1-228,pe,pe,51,57,8,7,114.343,99,58,0,4,1,18,18,0,0,0,0,15,78865,6,74723,114343,5,CA
2br02b-t1-2-pe-29,91,T1,2br02b-t1-229,pe,pe,245,257,44,47,614.532,181,58,0,14,4,44,61,0,0,0,0,31,533013,12,523438,614532,5,CA
2br02b-t1-2-pe-30,92,T1,2br02b-t1-230,pe,pe,29,28,4,5,190.284,35,27,0,0,2,2,4,0,0,0,0,6,168999,5,168679,190284,3,CA
2br02b-t1-2-pe-31,93,T1,2br02b-t1-231,pe,pe,260,235,46,37,219.43,255,80,0,6,1,110,50,0,0,0,8,51,182319,17,163226,219430,3,CA
2br02b-t1-2-pe-32,94,T1,2br02b-t1-232,pe,pe,56,67,11,12,92.574,54,30,0,5,0,3,16,0,0,0,0,10,18197,1,13172,92574,4,CA
2br02b-t1-2-pe-33,95,T1,2br02b-t1-233,pe,pe,293,294,49,52,435.648,259,99,0,23,5,39,93,0,0,0,0,51,398095,23,380217,435648,3,CA
2br02b-t1-2-pe-34,96,T1,2br02b-t1-234,pe,pe,70,71,13,11,53.706,182,37,0,3,0,102,40,0,0,0,0,16,32030,7,27845,53706,4,CA
2br02b-t1-2-pe-35,97,T1,2br02b-t1-235,pe,pe,55,63,10,12,47.625,131,21,0,4,2,79,25,0,0,0,0,14,31992,10,29396,47625,3,CA
2br02b-t1-2-pe-36,98,T1,2br02b-t1-236,pe,pe,59,31,10,8,35.413,46,5,0,1,1,27,12,0,0,0,0,11,23925,6,21320,35413,3,CA
2br02b-t1-2-pe-37,99,T1,2br02b-t1-237,pe,pe,107,123,16,24,194.925,156,38,0,9,1,89,19,0,0,0,0,21,177458,5,168719,194925,3,CA
2br02b-t1-2-pe-38,100,T1,2br02b-t1-238,pe,pe,57,64,10,12,30.26,42,18,0,0,2,15,7,0,0,0,0,4,9546,1,8057,30260,3,CA
2br02b-t1-2-pe-39,101,T1,2br02b-t1-239,pe,pe,22,33,4,7,13.291,20,8,0,1,0,7,4,0,0,0,0,5,9335,3,8058,13291,2,CA
2br02b-t1-2-pe-40,102,T1,2br02b-t1-240,pe,pe,118,120,20,22,110.594,141,64,0,18,2,12,45,0,0,0,0,31,45148,9,32375,110594,4,CA
2br02b-t1-2-pe-41,103,T1,2br02b-t1-241,pe,pe,231,224,36,41,177.314,374,77,0,14,5,176,102,0,0,0,0,63,123736,25,101324,177314,4,CA
2br02b-t1-2-pe-42,104,T1,2br02b-t1-242,pe,pe,48,44,8,8,25.923,29,15,0,0,1,3,10,0,0,0,0,7,7088,1,4613,25923,3,CA
2br02b-t1-2-pe-43,105,T1,2br02b-t1-243,pe,pe,442,437,81,79,222.669,351,107,0,17,3,111,113,0,0,0,0,51,185146,18,167731,222669,2,CA
2br02b-t1-2-pe-44,106,T1,2br02b-t1-244,pe,pe,21,28,3,5,76.473,29,23,0,3,1,0,2,0,0,0,0,4,4427,1,2521,76473,2,CA
2br02b-t1-2-pe-45,107,T1,2br02b-t1-245,pe,pe,65,79,13,15,23.514,16,11,0,2,0,1,2,0,0,0,0,1,8504,1,8504,23514,2,CA
2br02b-t1-2-pe-46,108,T1,2br02b-t1-246,pe,pe,76,80,14,18,40.501,36,22,0,1,0,1,12,0,0,0,0,12,25570,8,23167,40501,2,CA
2br02b-t1-2-pe-47,109,T1,2br02b-t1-247,pe,pe,100,125,20,26,90.58,97,58,0,13,5,8,13,0,0,0,0,21,55801,7,47163,90580,5,CA
2br02b-t1-2-pe-48,110,T1,2br02b-t1-248,pe,pe,68,78,13,17,154.346,90,62,0,8,2,3,15,0,0,0,0,23,65052,12,59640,154346,6,CA
2br02b-t1-2-pe-49,111,T1,2br02b-t1-249,pe,pe,56,76,8,15,49.572,88,30,0,7,1,38,12,0,0,0,0,11,35821,5,32384,49572,3,CA
2br02b-t1-2-pe-50,112,T1,2br02b-t1-250,pe,pe,91,95,16,15,246.673,103,72,0,11,4,5,11,0,0,0,0,19,177635,12,174173,246673,5,CA
2br02b-t1-2-pe-51,113,T1,2br02b-t1-251,pe,pe,229,248,43,44,654.476,81,59,0,7,1,3,11,0,0,0,0,19,354822,8,348876,654476,6,CA
2br02b-t1-2-pe-52,114,T1,2br02b-t1-252,pe,pe,192,228,35,44,563.688,277,118,0,15,4,20,119,0,0,0,1,48,405687,11,384736,563688,6,CA
2br02b-t1-2-pe-53,115,T1,2br02b-t1-253,pe,pe,219,234,43,48,240.753,123,64,0,16,3,8,31,0,0,0,1,35,212773,20,205364,240753,3,CA
2br02b-t1-2-pe-54,116,T1,2br02b-t1-254,pe,pe,60,67,9,11,36.896,23,11,0,1,1,1,9,0,0,0,0,2,16310,1,15662,36896,3,CA
2br02b-t1-2-pe-55,117,T1,2br02b-t1-255,pe,pe,29,30,6,7,109.174,22,16,0,4,2,0,0,0,0,0,0,2,5209,1,4866,109174,4,CA
2br02b-t1-2-pe-56,118,T1,2br02b-t1-256,pe,pe,127,133,27,24,135.089,91,46,2,6,5,2,30,0,0,0,0,28,78690,12,70790,135089,5,CA
2br02b-t1-2-pe-57,119,T1,2br02b-t1-257,pe,pe,71,73,12,11,62.263,62,45,0,1,1,5,10,0,0,0,0,11,36179,4,32075,62263,5,CA
2br02b-t1-2-pe-58,120,T1,2br02b-t1-258,pe,pe,73,70,12,11,208.959,96,67,0,8,4,3,14,0,0,0,0,23,180775,8,173292,208959,4,CA
2br02b-t1-2-pe-59,121,T1,2br02b-t1-259,pe,pe,120,129,22,22,413.412,146,75,0,15,1,2,53,0,0,0,0,19,236244,9,231771,413412,5,CA
2br02b-t1-2-pe-60,122,T1,2br02b-t1-260,pe,pe,101,87,20,14,71.08,87,45,0,1,5,5,31,0,0,0,0,27,47696,6,34487,71080,4,CA
2br02b-t1-2-pe-61,123,T1,2br02b-t1-261,pe,pe,166,178,28,29,151.437,59,27,0,3,5,3,21,0,0,0,0,21,49883,11,44516,151437,4,CA
2br02b-t1-1-ht-1,1,T1,2br02b-t1-11,ht,ht,6,9,1,1,31.723,25,7,2,0,4,8,4,0,0,0,0,13,17787,8,15257,31723,5,CA
2br02b-t1-1-ht-2,2,T1,2br02b-t1-12,ht,ht,31,33,4,4,42.885,87,63,0,5,5,1,13,0,0,0,0,18,24296,5,17152,42885,2,CA
2br02b-t1-1-ht-3,3,T1,2br02b-t1-13,ht,ht,85,92,15,16,232.044,104,80,0,16,2,2,4,0,0,0,0,16,164110,3,157273,232044,2,CA
2br02b-t1-1-ht-4,4,T1,2br02b-t1-14,ht,ht,44,54,8,8,87.353,140,88,0,11,3,1,37,0,0,0,0,36,61303,10,48450,87353,2,CA
2br02b-t1-1-ht-5,5,T1,2br02b-t1-15,ht,ht,58,67,8,12,66.805,104,68,0,14,3,1,18,0,0,0,0,25,47037,9,39019,66805,1,CA
2br02b-t1-1-ht-6,6,T1,2br02b-t1-16,ht,ht,74,80,11,11,31.248,114,81,0,11,5,0,17,0,0,0,0,21,18133,4,9484,31248,1,CA
2br02b-t1-1-ht-7,7,T1,2br02b-t1-17,ht,ht,194,188,37,34,371.318,351,218,0,40,15,17,61,0,0,0,0,75,222804,20,189936,371318,4,CA
2br02b-t1-1-ht-8,8,T1,2br02b-t1-18,ht,ht,106,115,17,18,215.44,187,124,0,21,8,2,32,0,0,0,0,41,168977,17,157900,215440,3,CA
2br02b-t1-1-ht-9,9,T1,2br02b-t1-19,ht,ht,94,98,17,15,31.249,105,86,0,14,2,0,3,0,0,0,0,20,16334,3,7549,31249,2,CA
2br02b-t1-1-ht-10,10,T1,2br02b-t1-110,ht,ht,330,375,57,63,1206.329,807,535,0,90,18,21,143,0,0,0,0,168,1016417,65,960025,1206329,6,CA
2br02b-t1-1-ht-11,11,T1,2br02b-t1-111,ht,ht,107,109,20,15,165.395,185,124,0,20,6,2,33,0,0,0,0,33,70737,12,59143,165395,3,CA
2br02b-t1-1-ht-12,12,T1,2br02b-t1-112,ht,ht,269,294,51,49,306.339,652,373,1,77,17,26,158,0,0,0,0,106,220991,38,182875,306339,4,CA
2br02b-t1-1-ht-13,13,T1,2br02b-t1-113,ht,ht,169,198,28,30,314.828,340,215,0,38,10,29,48,0,0,0,0,59,189657,19,168623,314828,4,CA
2br02b-t1-1-ht-14,14,T1,2br02b-t1-114,ht,ht,138,173,23,26,245.674,296,204,0,35,7,3,47,0,0,0,0,52,164781,18,147220,245674,4,CA
2br02b-t1-1-ht-15,15,T1,2br02b-t1-115,ht,ht,191,190,32,37,465.265,378,220,0,48,20,17,71,0,1,1,0,95,316512,28,280086,465265,5,CA
2br02b-t1-1-ht-16,16,T1,2br02b-t1-116,ht,ht,83,87,14,14,374.503,145,101,0,17,1,8,18,0,0,0,0,34,311689,9,298426,374503,5,CA
2br02b-t1-1-ht-17,17,T1,2br02b-t1-117,ht,ht,35,39,7,7,49.469,50,34,0,6,5,0,5,0,0,0,0,10,40583,3,37092,49469,2,CA
2br02b-t1-1-ht-18,18,T1,2br02b-t1-118,ht,ht,22,21,5,5,12.132,24,17,0,4,1,1,1,0,0,0,0,7,6964,2,4006,12132,2,CA
2br02b-t1-1-ht-19,19,T1,2br02b-t1-119,ht,ht,29,40,7,8,73.23,73,48,0,12,1,0,12,0,0,0,0,14,57856,4,52173,73230,3,CA
2br02b-t1-1-ht-20,20,T1,2br02b-t1-120,ht,ht,30,32,5,4,143.112,269,177,0,34,8,3,47,0,0,0,0,55,158123,22,140363,249836,7,CA
2br02b-t1-1-ht-21,21,T1,2br02b-t1-121,ht,ht,28,23,6,6,20.475,56,35,0,8,4,1,8,0,0,0,0,8,6263,1,2691,20475,5,CA
2br02b-t1-1-ht-22,22,T1,2br02b-t1-122,ht,ht,36,33,8,7,77.32,150,102,0,16,3,4,25,0,0,0,0,26,66850,12,58961,104831,7,CA
2br02b-t1-1-ht-23,23,T1,2br02b-t1-123,ht,ht,29,25,6,3,21.983,96,63,0,4,4,1,24,0,0,0,0,12,24363,5,20542,29962,3,CA
2br02b-t1-1-ht-24,24,T1,2br02b-t1-124,ht,ht,34,42,7,9,119.382,132,72,0,13,3,33,11,0,0,0,0,25,52463,9,43116,119382,5,CA
2br02b-t1-1-ht-25,25,T1,2br02b-t1-125,ht,ht,140,136,26,27,207.804,218,134,0,36,9,18,19,0,0,0,2,50,93311,22,76141,207804,6,CA
2br02b-t1-1-ht-26,26,T1,2br02b-t1-126,ht,ht,135,122,25,26,162.434,137,95,0,26,9,2,5,0,0,0,0,32,84962,10,72962,162434,4,CA
2br02b-t1-1-ht-27,27,T1,2br02b-t1-127,ht,ht,44,51,8,10,134.244,210,93,0,21,9,67,20,0,0,0,0,22,124189,9,116985,149558,4,CA
2br02b-t1-1-ht-28,28,T1,2br02b-t1-128,ht,ht,172,186,30,34,100.991,248,169,0,39,8,2,30,0,0,0,0,40,49442,12,34095,100991,1,CA
2br02b-t1-1-ht-29,29,T1,2br02b-t1-129,ht,ht,286,307,53,51,273.422,521,335,0,62,17,20,87,0,0,0,0,100,186760,29,149730,273422,3,CA
2br02b-t1-1-ht-30,30,T1,2br02b-t1-130,ht,ht,86,83,16,14,47.13,115,79,0,15,4,2,15,0,0,0,0,18,22926,8,18009,47130,3,CA
2br02b-t1-1-ht-31,31,T1,2br02b-t1-131,ht,ht,143,171,27,32,458.661,424,243,0,57,9,40,73,0,0,0,2,69,330851,24,305978,458661,9,CA
2br02b-t1-1-ht-32,32,T1,2br02b-t1-132,ht,ht,61,60,11,10,76.926,129,76,0,17,6,13,17,0,0,0,0,27,33974,8,24134,76926,7,CA
2br02b-t1-1-ht-33,33,T1,2br02b-t1-133,ht,ht,162,199,30,37,740.782,537,311,0,65,15,38,108,0,0,0,0,97,605183,37,573665,740782,6,CA
2br02b-t1-1-ht-34,34,T1,2br02b-t1-134,ht,ht,57,47,10,8,1388.883,837,525,0,118,41,59,90,0,0,0,4,173,1314148,72,1259260,1428123,7,CA
2br02b-t1-1-ht-35,35,T1,2br02b-t1-135,ht,ht,36,43,7,8,34.037,55,34,0,8,6,2,5,0,0,0,0,15,16094,8,12189,34037,4,CA
2br02b-t1-1-ht-36,36,T1,2br02b-t1-136,ht,ht,255,241,44,46,511.441,515,283,0,68,15,84,65,0,0,0,0,95,393492,36,362911,511441,5,CA
2br02b-t1-1-ht-37,37,T1,2br02b-t1-137,ht,ht,30,25,9,4,19.589,28,14,2,4,6,1,1,0,0,0,0,13,9083,2,2891,19589,3,CA
2br02b-t1-1-ht-38,38,T1,2br02b-t1-138,ht,ht,281,282,32,39,1948.861,596,400,0,59,36,12,87,0,1,1,0,164,1736689,71,1687883,1948861,4,CA
2br02b-t1-1-ht-39,39,T1,2br02b-t1-139,ht,ht,113,108,21,20,54.713,140,101,0,19,7,4,9,0,0,0,0,32,25590,5,12479,54713,4,CA
2br02b-t1-1-ht-40,40,T1,2br02b-t1-140,ht,ht,117,120,23,22,367.365,189,128,0,26,10,5,20,0,0,0,0,41,228505,11,212091,367365,4,CA
2br02b-t1-1-ht-41,41,T1,2br02b-t1-141,ht,ht,159,167,26,30,183.071,306,180,0,39,19,22,46,0,0,0,0,60,103316,21,84250,183071,4,CA
2br02b-t1-1-ht-42,42,T1,2br02b-t1-142,ht,ht,171,193,32,36,536.599,445,269,0,60,9,60,47,0,0,0,0,84,455011,36,429038,536599,4,CA
2br02b-t1-1-ht-43,43,T1,2br02b-t1-143,ht,ht,33,48,6,9,88.341,69,48,0,8,2,1,9,1,0,0,0,11,12249,4,8480,88341,3,CA
2br02b-t1-1-ht-44,44,T1,2br02b-t1-144,ht,ht,103,122,16,21,76.082,196,124,0,24,7,9,32,0,0,0,0,32,24038,5,10202,76082,4,CA
2br02b-t1-1-ht-45,45,T1,2br02b-t1-145,ht,ht,213,260,36,46,893.015,604,324,0,68,20,92,99,1,0,0,0,102,751387,52,723860,893015,7,CA
2br02b-t1-1-ht-46,46,T1,2br02b-t1-146,ht,ht,147,145,26,25,472.709,222,147,0,31,5,2,37,0,0,0,0,40,423487,8,407129,472709,4,CA
2br02b-t1-1-ht-47,47,T1,2br02b-t1-147,ht,ht,236,262,39,48,596.206,462,279,0,56,10,55,62,0,0,0,0,69,512078,27,487806,596206,5,CA
2br02b-t1-1-ht-48,48,T1,2br02b-t1-148,ht,ht,62,63,12,13,32.821,106,59,0,16,6,7,18,0,0,0,0,16,17816,6,12731,32821,1,CA
2br02b-t1-1-ht-49,49,T1,2br02b-t1-149,ht,ht,100,103,20,20,111.997,134,93,0,21,9,3,8,0,0,0,0,24,93158,10,84837,111997,2,CA
2br02b-t1-1-ht-50,50,T1,2br02b-t1-150,ht,ht,103,102,19,21,169.559,269,130,0,31,12,55,41,0,0,0,0,39,64404,16,51946,169559,6,CA
2br02b-t1-1-ht-51,51,T1,2br02b-t1-151,ht,ht,31,47,6,11,421.542,95,53,0,13,4,3,21,0,0,0,1,23,393507,9,386255,421542,4,CA
2br02b-t1-1-ht-52,52,T1,2br02b-t1-152,ht,ht,17,5,3,1,4.858,5,3,0,0,2,0,0,0,0,0,0,3,2377,1,1413,4858,1,CA
2br02b-t1-1-ht-53,53,T1,2br02b-t1-153,ht,ht,19,17,4,2,14.423,26,14,0,2,4,3,3,0,0,0,0,5,4707,2,2869,14423,2,CA
2br02b-t1-1-ht-54,54,T1,2br02b-t1-154,ht,ht,84,80,14,18,19.205,80,58,0,17,5,0,0,0,0,0,0,12,9874,3,4751,19205,1,CA
2br02b-t1-1-ht-55,55,T1,2br02b-t1-155,ht,ht,288,308,51,59,631.467,652,369,0,86,27,61,109,0,0,0,0,109,545666,37,506994,631467,5,CA
2br02b-t1-1-ht-56,56,T1,2br02b-t1-156,ht,ht,110,104,20,21,294.061,157,105,0,22,12,12,6,0,0,0,0,26,219826,14,212912,294061,4,CA
2br02b-t1-1-ht-57,57,T1,2br02b-t1-157,ht,ht,189,235,36,45,289.567,400,241,0,57,19,17,65,0,0,0,1,76,222121,19,189899,289567,3,CA
2br02b-t1-1-ht-58,58,T1,2br02b-t1-158,ht,ht,121,158,21,30,406.76,451,278,0,50,15,23,85,0,0,0,0,89,309565,31,278032,406760,4,CA
2br02b-t1-1-ht-59,59,T1,2br02b-t1-159,ht,ht,395,394,76,76,1039.009,670,401,0,94,21,44,110,0,0,0,0,105,717395,38,681340,1039009,4,CA
2br02b-t1-1-ht-60,60,T1,2br02b-t1-160,ht,ht,95,123,16,21,214.7,204,131,0,29,10,4,30,0,0,0,0,31,57939,15,48604,214700,5,CA
2br02b-t1-1-ht-61,61,T1,2br02b-t1-161,ht,ht,27,23,5,4,41.733,60,32,0,5,4,1,18,0,0,0,0,19,25144,7,17256,41733,2,CA
2br02b-t1-1-ht-62,62,T1,2br02b-t1-162,ht,ht,59,65,10,15,74.719,74,46,1,14,8,1,4,0,0,0,0,22,21083,9,13703,74719,2,CA
2br02b-t2-1-pe-1,1,T2,2br02b-t2-11,pe,pe,6,5,1,1,73.052,11,4,1,0,0,6,0,0,0,0,0,5,9470,4,8611,73052,3,CA
2br02b-t2-1-pe-2,2,T2,2br02b-t2-12,pe,pe,31,27,4,4,84.893,25,21,0,2,1,0,1,0,0,0,0,5,67714,2,66289,84893,2,CA
2br02b-t2-1-pe-3,3,T2,2br02b-t2-13,pe,pe,85,97,15,16,128.788,51,45,0,2,0,4,0,0,0,0,0,5,119462,4,119060,128788,2,CA
2br02b-t2-1-pe-4,4,T2,2br02b-t2-14,pe,pe,44,54,8,8,34.684,51,25,0,4,1,3,18,0,0,0,0,9,18419,4,16173,34684,2,CA
2br02b-t2-1-pe-5,5,T2,2br02b-t2-15,pe,pe,58,78,8,14,46.968,36,22,0,3,0,8,3,0,0,0,0,6,35579,5,35056,46968,2,CA
2br02b-t2-1-pe-6,6,T2,2br02b-t2-16,pe,pe,74,80,11,11,79.408,0,0,0,0,0,0,0,0,0,0,0,0,0,0,0,79408,2,CA
2br02b-t2-1-pe-7,7,T2,2br02b-t2-17,pe,pe,194,237,37,44,212.514,153,74,0,10,4,48,17,0,0,0,0,25,186366,17,182268,212514,3,CA
2br02b-t2-1-pe-8,8,T2,2br02b-t2-18,pe,pe,106,114,17,19,82.015,30,15,0,5,0,5,5,0,0,0,0,5,67051,4,66672,82015,2,CA
2br02b-t2-1-pe-9,9,T2,2br02b-t2-19,pe,pe,94,85,17,13,210.041,102,82,0,7,1,6,6,0,0,0,0,18,112737,13,109633,210041,2,CA
2br02b-t2-1-pe-10,10,T2,2br02b-t2-110,pe,pe,330,374,57,61,445.3,365,211,0,23,6,92,33,0,0,0,0,68,393046,38,375704,445300,3,CA
2br02b-t2-1-pe-11,11,T2,2br02b-t2-111,pe,pe,107,106,20,17,180.995,167,116,0,18,6,13,14,0,0,0,0,30,126269,19,120612,180995,3,CA
2br02b-t2-1-pe-12,12,T2,2br02b-t2-112,pe,pe,269,286,51,54,312.974,261,154,0,27,1,51,28,0,0,0,0,33,228504,19,221171,312974,3,CA
2br02b-t2-1-pe-13,13,T2,2br02b-t2-113,pe,pe,169,193,28,30,148.618,79,67,0,5,0,0,7,0,0,0,0,11,92796,7,90478,148618,3,CA
2br02b-t2-1-pe-14,14,T2,2br02b-t2-114,pe,pe,138,182,23,26,159.24,84,71,0,5,1,1,6,0,0,0,0,13,129267,7,126387,159240,2,CA
2br02b-t2-1-pe-15,15,T2,2br02b-t2-115,pe,pe,191,194,32,36,186.71,120,52,0,7,1,45,15,0,0,0,0,20,155523,16,153724,186710,3,CA
2br02b-t2-1-pe-16,16,T2,2br02b-t2-116,pe,pe,83,86,14,14,88.573,21,21,0,0,0,0,0,0,0,0,0,2,43310,2,43310,88573,2,CA
2br02b-t2-1-pe-17,17,T2,2br02b-t2-117,pe,pe,35,40,7,7,18.765,6,6,0,0,0,0,0,0,0,0,0,1,13817,1,13817,18765,2,CA
2br02b-t2-1-pe-18,18,T2,2br02b-t2-118,pe,pe,22,26,5,6,46.594,9,8,0,1,0,0,0,0,0,0,0,1,4886,1,4886,46594,3,CA
2br02b-t2-1-pe-19,19,T2,2br02b-t2-119,pe,pe,29,30,7,6,38.386,35,27,0,2,1,0,5,0,0,0,0,4,6516,2,5663,38386,4,CA
2br02b-t2-1-pe-20,20,T2,2br02b-t2-120,pe,pe,30,31,5,7,1023.734,179,125,0,22,6,10,16,0,0,0,0,28,735935,17,730491,1023734,5,CA
2br02b-t2-1-pe-21,21,T2,2br02b-t2-121,pe,pe,28,27,6,6,11.792,3,2,0,1,0,0,0,0,0,0,0,1,5182,1,5182,11792,2,CA
2br02b-t2-1-pe-22,22,T2,2br02b-t2-122,pe,pe,36,29,8,4,80.29,45,34,0,4,4,1,2,0,0,0,0,7,27791,2,25215,80290,4,CA
2br02b-t2-1-pe-23,23,T2,2br02b-t2-123,pe,pe,29,33,6,5,30.777,44,26,0,4,3,3,8,0,0,0,0,9,13193,3,9865,30777,4,CA
2br02b-t2-1-pe-24,24,T2,2br02b-t2-124,pe,pe,34,38,7,7,128.073,48,34,0,5,0,4,5,0,0,0,0,11,30914,9,30174,128073,5,CA
2br02b-t2-1-pe-25,25,T2,2br02b-t2-125,pe,pe,140,118,26,24,73.027,63,41,0,6,1,6,9,0,0,0,0,14,45934,10,43934,73027,4,CA
2br02b-t2-1-pe-26,26,T2,2br02b-t2-126,pe,pe,135,121,25,24,176.39,95,47,0,9,4,26,9,0,0,0,0,25,156390,11,148655,176390,3,CA
2br02b-t2-1-pe-27,27,T2,2br02b-t2-127,pe,pe,44,48,8,9,21.787,25,20,0,3,1,0,1,0,0,0,0,3,11508,2,11132,21787,3,CA
2br02b-t2-1-pe-28,28,T2,2br02b-t2-128,pe,pe,172,200,30,34,92.668,63,40,0,4,1,13,5,0,0,0,0,12,62398,7,59223,92668,3,CA
2br02b-t2-1-pe-29,29,T2,2br02b-t2-129,pe,pe,286,297,53,48,122.903,112,78,0,6,3,12,13,0,0,0,0,14,92679,9,90442,122903,3,CA
2br02b-t2-1-pe-30,30,T2,2br02b-t2-130,pe,pe,86,72,16,13,75.509,96,69,0,8,1,2,16,0,0,0,0,15,56590,11,54146,75509,2,CA
2br02b-t2-1-pe-31,31,T2,2br02b-t2-131,pe,pe,143,159,27,32,158.962,127,92,0,19,0,4,12,0,0,0,0,26,128455,14,122499,158962,2,CA
2br02b-t2-1-pe-32,32,T2,2br02b-t2-132,pe,pe,61,58,11,12,27.165,52,40,0,8,1,3,0,0,0,0,0,5,12882,4,11978,27165,2,CA
2br02b-t2-1-pe-33,33,T2,2br02b-t2-133,pe,pe,162,146,30,23,87.891,132,74,0,8,4,28,18,0,0,0,0,21,47618,9,41564,87891,2,CA
2br02b-t2-1-pe-34,34,T2,2br02b-t2-134,pe,pe,57,53,10,10,55.431,47,36,0,4,0,0,7,0,0,0,0,6,42591,4,41500,55431,2,CA
2br02b-t2-1-pe-35,35,T2,2br02b-t2-135,pe,pe,36,35,7,8,16.209,6,4,0,0,0,1,1,0,0,0,0,3,10625,3,10625,16209,2,CA
2br02b-t2-1-pe-36,36,T2,2br02b-t2-136,pe,pe,255,267,44,50,294.146,332,172,0,31,2,106,21,0,0,0,0,36,201355,26,195734,294146,4,CA
2br02b-t2-1-pe-37,37,T2,2br02b-t2-137,pe,pe,30,26,9,7,49.093,27,6,0,1,0,18,2,0,0,0,0,6,34459,5,33659,49093,2,CA
2br02b-t2-1-pe-38,38,T2,2br02b-t2-138,pe,pe,281,340,32,43,918.147,460,323,0,28,12,69,28,0,0,0,0,62,746445,34,733890,918147,4,CA
2br02b-t2-1-pe-39,39,T2,2br02b-t2-139,pe,pe,113,108,21,19,53.992,44,23,0,2,2,12,5,0,0,0,0,7,7399,3,5517,53992,5,CA
2br02b-t2-1-pe-40,40,T2,2br02b-t2-140,pe,pe,117,143,23,27,255.887,176,104,0,17,3,37,15,0,0,0,0,23,188989,15,185263,255887,2,CA
2br02b-t2-1-pe-41,41,T2,2br02b-t2-141,pe,pe,159,176,26,31,131.949,148,109,0,20,4,4,11,0,0,0,0,19,101361,9,97523,131949,2,CA
2br02b-t2-1-pe-42,42,T2,2br02b-t2-142,pe,pe,171,221,32,38,118.015,167,118,0,25,3,18,3,0,0,0,0,18,72093,12,69075,118015,2,CA
2br02b-t2-1-pe-43,43,T2,2br02b-t2-143,pe,pe,33,35,6,8,24.585,58,45,0,9,3,0,1,0,0,0,0,4,10840,4,10840,24585,3,CA
2br02b-t2-1-pe-44,44,T2,2br02b-t2-144,pe,pe,103,106,16,19,63.248,32,16,0,3,0,9,4,0,0,0,0,9,33303,5,31441,63248,3,CA
2br02b-t2-1-pe-45,45,T2,2br02b-t2-145,pe,pe,213,260,36,47,131.204,97,69,0,8,2,4,14,0,0,0,0,14,103161,10,101054,131204,2,CA
2br02b-t2-1-pe-46,46,T2,2br02b-t2-146,pe,pe,147,144,26,25,160.416,51,31,0,5,1,2,12,0,0,0,0,14,77280,4,71336,160416,2,CA
2br02b-t2-1-pe-47,47,T2,2br02b-t2-147,pe,pe,236,250,39,44,140.907,102,74,0,5,2,8,13,0,0,0,0,20,84833,12,79846,140907,2,CA
2br02b-t2-1-pe-48,48,T2,2br02b-t2-148,pe,pe,62,41,12,9,48.415,61,45,0,9,0,7,0,0,0,0,0,4,17317,3,16446,48415,2,CA
2br02b-t2-1-pe-49,49,T2,2br02b-t2-149,pe,pe,100,84,20,17,67.665,99,64,0,14,1,14,6,0,0,0,0,12,38930,6,36249,67665,2,CA
2br02b-t2-1-pe-50,50,T2,2br02b-t2-150,pe,pe,103,87,19,18,47.128,24,11,0,1,1,5,6,0,0,0,0,5,21085,3,20141,47128,2,CA
2br02b-t2-1-pe-51,51,T2,2br02b-t2-151,pe,pe,31,48,6,10,1137.313,64,52,0,9,1,1,1,0,0,0,0,8,1121914,6,1120853,1137313,3,CA
2br02b-t2-1-pe-52,52,T2,2br02b-t2-152,pe,pe,17,19,3,4,15.027,10,7,0,1,0,1,1,0,0,0,0,1,3864,1,3864,15027,3,CA
2br02b-t2-1-pe-53,53,T2,2br02b-t2-153,pe,pe,19,29,4,5,8.711,7,3,0,1,0,2,1,0,0,0,0,1,2678,1,2678,8711,3,CA
2br02b-t2-1-pe-54,54,T2,2br02b-t2-154,pe,pe,84,81,14,15,38.72,42,28,0,2,1,7,4,0,0,0,0,8,19829,6,19149,38720,3,CA
2br02b-t2-1-pe-55,55,T2,2br02b-t2-155,pe,pe,288,296,51,55,141.359,154,88,0,12,3,42,9,0,0,0,0,22,101037,15,97126,141359,3,CA
2br02b-t2-1-pe-56,56,T2,2br02b-t2-156,pe,pe,110,107,20,21,91.296,119,74,0,13,4,12,16,0,0,0,0,20,48993,10,44703,91296,2,CA
2br02b-t2-1-pe-57,57,T2,2br02b-t2-157,pe,pe,189,207,36,37,80.957,66,44,0,6,1,6,9,0,0,0,0,11,64873,8,63177,80957,2,CA
2br02b-t2-1-pe-58,58,T2,2br02b-t2-158,pe,pe,121,137,21,27,132.633,171,116,0,19,3,22,11,0,0,0,0,15,79020,12,76930,132633,2,CA
2br02b-t2-1-pe-59,59,T2,2br02b-t2-159,pe,pe,395,372,76,68,309.027,393,231,0,33,7,87,35,0,0,0,0,50,264245,27,251979,309027,2,CA
2br02b-t2-1-pe-60,60,T2,2br02b-t2-160,pe,pe,95,125,16,19,111.163,163,78,0,12,6,42,25,0,0,0,0,21,74198,13,68598,111163,2,CA
2br02b-t2-1-pe-61,61,T2,2br02b-t2-161,pe,pe,27,25,5,6,27.517,30,17,0,4,0,5,4,0,0,0,0,5,13640,3,12889,27517,2,CA
2br02b-t2-1-pe-62,62,T2,2br02b-t2-162,pe,pe,59,61,10,13,145.565,74,43,0,10,1,14,6,0,0,0,0,14,119977,10,118312,145565,2,CA
2br02b-t2-2-ht-1,63,T2,2br02b-t2-21,ht,ht,34,41,7,8,20.055,47,27,0,7,9,0,4,0,0,0,0,10,7817,2,3818,20055,2,CA
2br02b-t2-2-ht-2,64,T2,2br02b-t2-22,ht,ht,282,235,47,43,103.013,279,205,0,48,16,2,8,0,0,0,0,47,54413,16,36831,103013,2,CA
2br02b-t2-2-ht-3,65,T2,2br02b-t2-23,ht,ht,144,141,26,26,65.694,157,119,0,27,8,1,2,0,0,0,0,21,34033,8,27060,65694,2,CA
2br02b-t2-2-ht-4,66,T2,2br02b-t2-24,ht,ht,142,153,28,28,94.504,217,163,0,40,5,3,6,0,0,0,0,30,62420,13,54851,94504,2,CA
2br02b-t2-2-ht-5,67,T2,2br02b-t2-25,ht,ht,194,204,32,36,243.793,240,187,0,37,9,1,6,0,0,0,0,26,89074,10,81622,243793,2,CA
2br02b-t2-2-ht-6,68,T2,2br02b-t2-26,ht,ht,163,171,31,32,100.822,241,158,0,43,15,16,9,0,0,0,0,31,44932,11,33515,100822,2,CA
2br02b-t2-2-ht-7,69,T2,2br02b-t2-27,ht,ht,65,58,12,10,26.588,82,56,0,12,1,0,13,0,0,0,0,8,10263,2,6705,26588,2,CA
2br02b-t2-2-ht-8,70,T2,2br02b-t2-28,ht,ht,68,86,11,16,42.545,123,86,0,17,7,10,3,0,0,0,0,15,20891,5,16484,42545,2,CA
2br02b-t2-2-ht-9,71,T2,2br02b-t2-29,ht,ht,51,66,12,14,20.611,72,51,0,14,3,0,4,0,0,0,0,7,6939,1,4176,20611,2,CA
2br02b-t2-2-ht-10,72,T2,2br02b-t2-210,ht,ht,140,172,26,32,65.428,227,160,0,36,10,7,14,0,0,0,0,22,27901,5,18920,65428,2,CA
2br02b-t2-2-ht-11,73,T2,2br02b-t2-211,ht,ht,109,135,21,29,81.157,216,146,0,38,3,15,14,0,0,0,0,30,48547,14,39617,81157,2,CA
2br02b-t2-2-ht-12,74,T2,2br02b-t2-212,ht,ht,20,36,4,7,33.072,46,38,0,6,1,0,1,0,0,0,0,6,12268,3,10929,33072,2,CA
2br02b-t2-2-ht-13,75,T2,2br02b-t2-213,ht,ht,20,24,3,4,34.029,35,29,0,3,2,0,1,0,0,0,0,8,13461,3,11118,34029,2,CA
2br02b-t2-2-ht-14,76,T2,2br02b-t2-214,ht,ht,81,120,12,19,158.109,190,150,0,30,4,2,4,0,0,0,0,22,69747,13,65715,158109,2,CA
2br02b-t2-2-ht-15,77,T2,2br02b-t2-215,ht,ht,192,221,34,33,121.628,291,218,0,38,5,15,15,0,0,0,0,41,56207,15,43154,121628,2,CA
2br02b-t2-2-ht-16,78,T2,2br02b-t2-216,ht,ht,58,62,9,11,19.62,68,50,0,11,3,0,4,0,0,0,0,8,6481,1,2781,19620,2,CA
2br02b-t2-2-ht-17,79,T2,2br02b-t2-217,ht,ht,88,119,17,22,85.866,166,116,0,26,6,9,9,0,0,0,0,20,56244,8,49818,85866,2,CA
2br02b-t2-2-ht-18,80,T2,2br02b-t2-218,ht,ht,179,190,30,40,105.444,301,205,0,50,7,26,13,0,0,0,0,36,44885,17,35831,105444,3,CA
2br02b-t2-2-ht-19,81,T2,2br02b-t2-219,ht,ht,133,144,21,25,102.102,211,145,0,26,11,8,21,0,0,0,0,39,53682,11,38546,102102,3,CA
2br02b-t2-2-ht-20,82,T2,2br02b-t2-220,ht,ht,109,127,20,24,62.571,142,111,0,24,4,1,2,0,0,0,0,13,19124,6,15427,62571,4,CA
2br02b-t2-2-ht-21,83,T2,2br02b-t2-221,ht,ht,53,61,10,11,30.455,68,48,0,10,5,0,5,0,0,0,0,7,9921,3,7096,30455,3,CA
2br02b-t2-2-ht-22,84,T2,2br02b-t2-222,ht,ht,34,37,5,6,16.189,49,34,0,5,3,0,7,0,0,0,0,4,4523,1,3294,16189,3,CA
2br02b-t2-2-ht-23,85,T2,2br02b-t2-223,ht,ht,147,153,30,28,60.812,163,123,0,27,8,1,4,0,0,0,0,21,24433,6,16608,60812,2,CA
2br02b-t2-2-ht-24,86,T2,2br02b-t2-224,ht,ht,31,35,4,6,36.149,39,29,0,5,2,0,3,0,0,0,0,6,14155,2,11911,36149,2,CA
2br02b-t2-2-ht-25,87,T2,2br02b-t2-225,ht,ht,44,48,8,9,12.815,46,37,0,8,1,0,0,0,0,0,0,3,2442,1,1322,12815,2,CA
2br02b-t2-2-ht-26,88,T2,2br02b-t2-226,ht,ht,287,299,52,57,165.939,432,306,0,64,6,26,30,0,0,0,0,47,95210,21,82401,165939,2,CA
2br02b-t2-2-ht-27,89,T2,2br02b-t2-227,ht,ht,126,163,20,31,286.09,287,214,0,38,9,15,11,0,0,0,0,35,247310,14,236874,286090,4,CA
2br02b-t2-2-ht-28,90,T2,2br02b-t2-228,ht,ht,51,64,8,14,148.487,447,319,2,70,16,8,32,0,0,0,0,54,91036,17,73444,163392,4,CA
2br02b-t2-2-ht-29,91,T2,2br02b-t2-229,ht,ht,245,240,44,44,112.847,296,209,2,46,11,6,22,0,0,0,0,40,59963,13,46618,112847,4,CA
2br02b-t2-2-ht-30,92,T2,2br02b-t2-230,ht,ht,29,34,4,6,43.312,38,28,0,6,2,1,1,0,0,0,0,7,31476,3,29753,43312,2,CA
2br02b-t2-2-ht-31,93,T2,2br02b-t2-231,ht,ht,260,267,46,43,375.254,458,328,0,54,13,4,59,0,0,0,0,76,304769,28,280035,375254,4,CA
2br02b-t2-2-ht-32,94,T2,2br02b-t2-232,ht,ht,56,73,11,14,20.774,73,59,0,13,1,0,0,0,0,0,0,5,8620,2,6640,20774,2,CA
2br02b-t2-2-ht-33,95,T2,2br02b-t2-233,ht,ht,293,332,49,60,156.501,459,324,4,70,11,36,14,0,0,0,0,54,87984,25,73776,156501,2,CA
2br02b-t2-2-ht-34,96,T2,2br02b-t2-234,ht,ht,70,84,13,14,33.252,90,68,0,13,4,1,4,0,0,0,0,13,12385,4,7232,33252,2,CA
2br02b-t2-2-ht-35,97,T2,2br02b-t2-235,ht,ht,55,70,10,15,19.833,73,53,0,15,2,0,3,0,0,0,0,7,6010,1,2743,19833,2,CA
2br02b-t2-2-ht-36,98,T2,2br02b-t2-236,ht,ht,59,57,10,13,27.542,83,58,0,14,1,2,8,0,0,0,0,10,8588,4,5994,27542,2,CA
2br02b-t2-2-ht-37,99,T2,2br02b-t2-237,ht,ht,107,116,16,23,73.527,183,123,0,26,3,21,10,0,0,0,0,18,41703,10,36543,73527,2,CA
2br02b-t2-2-ht-38,100,T2,2br02b-t2-238,ht,ht,57,62,10,11,36.566,134,92,0,19,4,17,2,0,0,0,0,13,13564,5,10042,36566,2,CA
2br02b-t2-2-ht-39,101,T2,2br02b-t2-239,ht,ht,22,35,4,6,26.414,44,29,0,6,3,1,5,0,0,0,0,8,6928,3,4766,26414,4,CA
2br02b-t2-2-ht-40,102,T2,2br02b-t2-240,ht,ht,118,115,20,19,115.927,197,132,0,22,8,24,11,0,0,0,0,27,82249,15,74754,115927,3,CA
2br02b-t2-2-ht-41,103,T2,2br02b-t2-241,ht,ht,231,238,36,45,139.857,304,215,0,52,12,6,19,0,0,0,0,52,90155,21,73643,139857,2,CA
2br02b-t2-2-ht-42,104,T2,2br02b-t2-242,ht,ht,48,42,8,8,16.047,42,33,0,7,1,0,1,0,0,0,0,6,6444,2,4367,16047,3,CA
2br02b-t2-2-ht-43,105,T2,2br02b-t2-243,ht,ht,442,453,81,84,262.632,560,410,0,90,23,17,20,0,0,0,0,78,180596,25,153983,262632,3,CA
2br02b-t2-2-ht-44,106,T2,2br02b-t2-244,ht,ht,21,36,3,6,13.734,36,30,0,5,1,0,0,0,0,0,0,5,5008,2,3926,13734,2,CA
2br02b-t2-2-ht-45,107,T2,2br02b-t2-245,ht,ht,65,89,13,17,43.656,95,73,0,18,1,0,3,0,0,0,0,10,15116,3,11237,43656,2,CA
2br02b-t2-2-ht-46,108,T2,2br02b-t2-246,ht,ht,76,105,14,23,109.13,220,151,0,40,4,11,14,0,0,0,0,28,65422,13,57968,109130,2,CA
2br02b-t2-2-ht-47,109,T2,2br02b-t2-247,ht,ht,100,110,20,23,117.164,185,121,0,32,5,9,18,0,0,0,0,29,83793,15,75101,117164,3,CA
2br02b-t2-2-ht-48,110,T2,2br02b-t2-248,ht,ht,68,75,13,16,125.994,413,311,0,67,10,14,11,0,0,0,0,36,76735,18,67871,144387,5,CA
2br02b-t2-2-ht-49,111,T2,2br02b-t2-249,ht,ht,56,77,8,14,46.794,118,90,0,17,3,5,3,0,0,0,0,12,14654,7,12665,46794,2,CA
2br02b-t2-2-ht-50,112,T2,2br02b-t2-250,ht,ht,91,112,16,17,156.229,135,108,0,16,3,1,7,0,0,0,0,14,34004,6,30305,156229,4,CA
2br02b-t2-2-ht-51,113,T2,2br02b-t2-251,ht,ht,229,241,43,39,301.253,395,269,0,53,18,28,27,0,0,0,0,59,208207,26,187522,301253,3,CA
2br02b-t2-2-ht-52,114,T2,2br02b-t2-252,ht,ht,192,211,35,40,169.002,300,220,0,47,7,16,10,0,0,0,0,34,116212,14,105630,169002,2,CA
2br02b-t2-2-ht-53,115,T2,2br02b-t2-253,ht,ht,219,238,43,48,126.178,382,244,0,54,10,57,17,0,0,0,0,39,74399,19,63862,126178,2,CA
2br02b-t2-2-ht-54,116,T2,2br02b-t2-254,ht,ht,60,70,9,12,33.121,90,72,0,12,3,3,0,0,0,0,0,9,11032,5,8993,33121,2,CA
2br02b-t2-2-ht-55,117,T2,2br02b-t2-255,ht,ht,29,30,6,7,66.231,53,40,0,10,3,0,0,0,0,0,0,6,36939,3,34123,66231,2,CA
2br02b-t2-2-ht-56,118,T2,2br02b-t2-256,ht,ht,127,132,27,30,100.325,211,137,1,37,8,12,16,0,0,0,0,36,65273,16,54749,100325,2,CA
2br02b-t2-2-ht-57,119,T2,2br02b-t2-257,ht,ht,71,71,12,10,28.174,91,64,0,9,6,2,10,0,0,0,0,13,12270,3,7531,28174,2,CA
2br02b-t2-2-ht-58,120,T2,2br02b-t2-258,ht,ht,73,82,12,14,108.895,180,123,0,23,5,22,7,0,0,0,0,30,55810,12,46174,108895,2,CA
2br02b-t2-2-ht-59,121,T2,2br02b-t2-259,ht,ht,120,118,22,19,94.787,256,164,0,31,10,20,31,0,0,0,0,39,55142,16,44121,94787,2,CA
2br02b-t2-2-ht-60,122,T2,2br02b-t2-260,ht,ht,101,94,20,18,52.903,145,98,0,21,8,4,14,0,0,0,0,19,21820,5,13591,52903,2,CA
2br02b-t2-2-ht-61,123,T2,2br02b-t2-261,ht,ht,166,202,28,34,94.609,278,206,0,47,13,2,10,0,0,0,0,26,25045,6,13705,94609,2,CA
2br02b-T3-2-pe-1,63,T3,2br02b-T3-21,pe,pe,34,38,7,7,223.97,62,45,0,5,1,4,7,0,0,0,0,14,100292,7,95966,223970,4,NL
2br02b-T3-2-pe-2,64,T3,2br02b-T3-22,pe,pe,282,240,47,37,637.599,147,88,0,18,1,10,30,0,0,0,0,43,535312,20,523270,637599,3,NL
2br02b-T3-2-pe-3,65,T3,2br02b-T3-23,pe,pe,144,141,26,26,466.028,109,74,0,8,1,7,19,0,0,0,0,38,354798,21,346230,466028,5,NL
2br02b-T3-2-pe-4,66,T3,2br02b-T3-24,pe,pe,142,171,28,33,481.059,133,84,0,14,2,11,22,0,0,0,0,31,443339,20,438032,481059,3,NL
2br02b-T3-2-pe-5,67,T3,2br02b-T3-25,pe,pe,194,200,32,30,895.862,173,127,0,11,0,4,31,0,0,0,0,53,862831,21,844671,895862,3,NL
2br02b-T3-2-pe-6,68,T3,2br02b-T3-26,pe,pe,163,188,31,34,337.718,111,64,0,13,9,8,17,0,0,0,0,35,262817,20,254026,337718,3,NL
2br02b-T3-2-pe-7,69,T3,2br02b-T3-27,pe,pe,65,67,12,11,70.514,61,39,0,6,2,5,9,0,0,0,0,14,31048,5,26883,70514,3,NL
2br02b-T3-2-pe-8,70,T3,2br02b-T3-28,pe,pe,68,69,11,12,271.526,80,47,0,11,6,5,11,0,0,0,0,29,249421,15,242206,271526,2,NL
2br02b-T3-2-pe-9,71,T3,2br02b-T3-29,pe,pe,51,55,12,13,38.221,61,36,0,10,1,10,4,0,0,0,0,12,18867,3,13826,38221,2,NL
2br02b-T3-2-pe-10,72,T3,2br02b-T3-210,pe,pe,140,156,26,31,117.494,110,81,0,23,1,4,1,0,0,0,0,15,64602,5,59572,117494,4,NL
2br02b-T3-2-pe-11,73,T3,2br02b-T3-211,pe,pe,109,136,21,25,134.016,57,36,0,6,2,4,9,0,0,0,0,16,98427,10,95345,134016,3,NL
2br02b-T3-2-pe-12,74,T3,2br02b-T3-212,pe,pe,20,20,4,4,35.291,27,11,0,1,2,7,6,0,0,0,0,11,31755,5,29101,35291,1,NL
2br02b-T3-2-pe-13,75,T3,2br02b-T3-213,pe,pe,20,15,3,2,24.027,24,11,0,1,2,4,6,0,0,0,0,9,9812,3,7117,24027,2,NL
2br02b-T3-2-pe-14,76,T3,2br02b-T3-214,pe,pe,81,97,12,16,246.065,65,48,0,7,2,5,3,0,0,0,0,11,167027,8,165917,246065,2,NL
2br02b-T3-2-pe-15,77,T3,2br02b-T3-215,pe,pe,192,240,34,39,137.174,75,55,0,7,1,3,9,0,0,0,0,20,92419,12,88919,137174,2,NL
2br02b-T3-2-pe-16,78,T3,2br02b-T3-216,pe,pe,58,67,9,9,16.096,15,8,0,1,2,2,2,0,0,0,0,4,7884,2,6666,16096,2,NL
2br02b-T3-2-pe-17,79,T3,2br02b-T3-217,pe,pe,88,109,17,21,153.345,110,72,0,12,3,12,11,0,0,0,0,30,128846,19,122113,153345,2,NL
2br02b-T3-2-pe-18,80,T3,2br02b-T3-218,pe,pe,179,213,30,35,213.979,209,139,0,25,4,13,28,0,0,0,0,54,180959,20,163672,213979,2,NL
2br02b-T3-2-pe-19,81,T3,2br02b-T3-219,pe,pe,133,176,21,28,423.075,217,123,0,29,6,23,36,0,0,0,0,53,363543,29,350372,423075,3,NL
2br02b-T3-2-pe-20,82,T3,2br02b-T3-220,pe,pe,109,120,20,22,188.241,26,18,0,0,0,1,7,0,0,0,0,9,161717,4,160048,188241,1,NL
2br02b-T3-2-pe-21,83,T3,2br02b-T3-221,pe,pe,53,61,10,11,9.199,4,3,0,0,0,1,0,0,0,0,0,1,2382,1,2382,9199,1,NL
2br02b-T3-2-pe-22,84,T3,2br02b-T3-222,pe,pe,34,34,5,5,2.522,1,0,0,0,0,1,0,0,0,0,0,0,0,0,0,2522,1,NL
2br02b-T3-2-pe-23,85,T3,2br02b-T3-223,pe,pe,147,150,30,30,109.154,57,28,0,6,3,2,18,0,0,0,0,21,82768,12,76607,109154,2,NL
2br02b-T3-2-pe-24,86,T3,2br02b-T3-224,pe,pe,31,36,4,6,204.068,15,12,0,2,0,1,0,0,0,0,0,2,198960,1,198187,204068,1,NL
2br02b-T3-2-pe-25,87,T3,2br02b-T3-225,pe,pe,44,42,8,8,6.944,5,4,0,0,0,1,0,0,0,0,0,1,2100,1,2100,6944,1,NL
2br02b-T3-2-pe-26,88,T3,2br02b-T3-226,pe,pe,287,336,52,55,694.465,327,222,0,38,4,9,54,0,0,0,0,95,630392,59,611932,694465,4,NL
2br02b-T3-2-pe-27,89,T3,2br02b-T3-227,pe,pe,126,157,20,23,802.863,83,66,0,9,0,4,4,0,0,0,0,22,399111,14,395218,802863,1,NL
2br02b-T3-2-pe-28,90,T3,2br02b-T3-228,pe,pe,51,51,8,7,744.483,38,34,0,1,0,1,2,0,0,0,0,12,737486,5,734398,744483,1,NL
2br02b-T3-2-pe-29,91,T3,2br02b-T3-229,pe,pe,245,246,44,42,676.422,76,52,0,5,0,5,14,0,0,0,0,20,640642,10,636523,676422,4,NL
2br02b-T3-2-pe-30,92,T3,2br02b-T3-230,pe,pe,29,27,4,4,44.253,8,7,0,0,0,1,0,0,0,0,0,1,41445,1,41445,44253,1,NL
2br02b-T3-2-pe-31,93,T3,2br02b-T3-231,pe,pe,260,276,46,45,582.705,301,193,0,33,1,23,51,0,0,0,0,77,451117,35,429895,582705,6,NL
2br02b-T3-2-pe-32,94,T3,2br02b-T3-232,pe,pe,56,54,11,9,7.95,17,15,0,1,0,1,0,0,0,0,0,1,4207,1,4207,7950,1,NL
2br02b-T3-2-pe-33,95,T3,2br02b-T3-233,pe,pe,293,326,49,56,847.441,409,273,0,46,4,28,58,0,0,0,0,83,793619,44,773334,847441,3,NL
2br02b-T3-2-pe-34,96,T3,2br02b-T3-234,pe,pe,70,63,13,11,23.414,17,8,0,0,2,3,4,0,0,0,0,6,14820,4,12940,23414,2,NL
2br02b-T3-2-pe-35,97,T3,2br02b-T3-235,pe,pe,55,68,10,11,72.025,57,41,0,6,3,2,5,0,0,0,0,13,59561,8,56524,72025,2,NL
2br02b-T3-2-pe-36,98,T3,2br02b-T3-236,pe,pe,59,60,10,10,14.557,9,8,0,0,0,1,0,0,0,0,0,2,10878,1,10555,14557,1,NL
2br02b-T3-2-pe-37,99,T3,2br02b-T3-237,pe,pe,107,125,16,20,209.102,77,62,0,6,0,2,7,0,0,0,0,21,133771,12,128556,209102,2,NL
2br02b-T3-2-pe-38,100,T3,2br02b-T3-238,pe,pe,57,58,10,11,18.829,3,0,0,0,0,1,2,0,0,0,0,2,15167,1,14825,18829,1,NL
2br02b-T3-2-pe-39,101,T3,2br02b-T3-239,pe,pe,22,25,4,4,3.347,1,0,0,0,0,1,0,0,0,0,0,0,0,0,0,3347,1,NL
2br02b-T3-2-pe-40,102,T3,2br02b-T3-240,pe,pe,118,120,20,21,243.636,46,19,0,5,4,7,11,0,0,0,0,19,57966,11,53896,243636,3,NL
2br02b-T3-2-pe-41,103,T3,2br02b-T3-241,pe,pe,231,275,36,39,868.001,186,144,0,8,2,4,28,0,0,0,0,51,783456,30,773572,868001,3,NL
2br02b-T3-2-pe-42,104,T3,2br02b-T3-242,pe,pe,48,48,8,8,18.612,21,14,0,1,2,2,2,0,0,0,0,6,11511,3,10203,18612,2,NL
2br02b-T3-2-pe-43,105,T3,2br02b-T3-243,pe,pe,442,480,81,83,549.146,228,152,0,21,3,16,36,0,0,0,0,77,489641,46,472183,549146,2,NL
2br02b-T3-2-pe-44,106,T3,2br02b-T3-244,pe,pe,21,24,3,3,5.156,1,0,0,0,0,1,0,0,0,0,0,0,0,0,0,5156,1,NL
2br02b-T3-2-pe-45,107,T3,2br02b-T3-245,pe,pe,65,75,13,12,51.687,16,12,0,0,0,2,2,0,0,0,0,4,30513,2,29116,51687,2,NL
2br02b-T3-2-pe-46,108,T3,2br02b-T3-246,pe,pe,76,96,14,17,138.066,86,64,0,11,0,3,8,0,0,0,0,16,111895,9,107768,138066,3,NL
2br02b-T3-2-pe-47,109,T3,2br02b-T3-247,pe,pe,100,128,20,25,207.995,85,63,0,8,0,3,11,0,0,0,0,31,174776,19,168586,207995,2,NL
2br02b-T3-2-pe-48,110,T3,2br02b-T3-248,pe,pe,68,81,13,13,139.682,91,68,0,6,0,3,14,0,0,0,0,26,94200,12,86321,139682,3,NL
2br02b-T3-2-pe-49,111,T3,2br02b-T3-249,pe,pe,56,68,8,10,66.732,43,26,0,3,0,2,12,0,0,0,0,10,45548,4,42359,66732,2,NL
2br02b-T3-2-pe-50,112,T3,2br02b-T3-250,pe,pe,91,90,16,16,204.994,29,19,0,3,0,3,4,0,0,0,0,7,12425,3,10465,204994,3,NL
2br02b-T3-2-pe-51,113,T3,2br02b-T3-251,pe,pe,229,288,43,51,763.758,362,253,0,43,2,22,42,0,0,0,0,88,655694,49,635036,763758,5,NL
2br02b-T3-2-pe-52,114,T3,2br02b-T3-252,pe,pe,192,218,35,32,307.77,89,73,0,2,0,5,9,0,0,0,0,35,199962,14,189498,307770,5,NL
2br02b-T3-2-pe-53,115,T3,2br02b-T3-253,pe,pe,219,233,43,44,281.205,73,39,0,5,4,5,20,0,0,0,0,31,254460,22,249720,281205,3,NL
2br02b-T3-2-pe-54,116,T3,2br02b-T3-254,pe,pe,60,71,9,10,45.776,37,25,0,3,1,8,0,0,0,0,0,5,33174,4,32693,45776,2,NL
2br02b-T3-2-pe-55,117,T3,2br02b-T3-255,pe,pe,29,34,6,8,8.76,15,9,0,2,0,1,3,0,0,0,0,3,5828,2,5392,8760,1,NL
2br02b-T3-2-pe-56,118,T3,2br02b-T3-256,pe,pe,127,134,27,28,254.432,89,60,1,7,3,5,13,0,0,0,0,29,230050,20,224969,254432,3,NL
2br02b-T3-2-pe-57,119,T3,2br02b-T3-257,pe,pe,71,85,12,11,85.778,55,45,0,2,2,1,5,0,0,0,0,19,78740,12,75144,85778,1,NL
2br02b-T3-2-pe-58,120,T3,2br02b-T3-258,pe,pe,73,74,12,13,68.246,45,29,0,6,3,2,5,0,0,0,0,12,62424,6,59435,68246,1,NL
2br02b-T3-2-pe-59,121,T3,2br02b-T3-259,pe,pe,120,152,22,25,134.284,92,50,0,4,6,4,28,0,0,0,0,37,103303,23,95834,134284,3,NL
2br02b-T3-2-pe-60,122,T3,2br02b-T3-260,pe,pe,101,80,20,15,74.883,65,38,0,5,6,7,9,0,0,0,0,18,56777,10,52176,74883,2,NL
2br02b-T3-2-pe-61,123,T3,2br02b-T3-261,pe,pe,166,173,28,29,112.189,94,62,0,10,5,4,13,0,0,0,0,28,76416,16,70274,112189,4,NL
2br02b-T3-1-ht-1,1,T3,2br02b-T3-11,ht,ht,6,6,1,1,11.316,8,3,3,0,0,2,0,0,0,0,0,5,4154,2,2444,11316,2,NL
2br02b-T3-1-ht-2,2,T3,2br02b-T3-12,ht,ht,31,28,4,4,17.535,59,42,0,5,1,2,9,0,0,0,0,12,7010,1,1058,17535,2,NL
2br02b-T3-1-ht-3,3,T3,2br02b-T3-13,ht,ht,85,110,15,12,273.678,262,194,0,30,7,6,25,0,0,0,0,54,222755,20,204605,273678,5,NL
2br02b-T3-1-ht-4,4,T3,2br02b-T3-14,ht,ht,44,58,8,9,21.071,63,50,0,8,2,1,2,0,0,0,0,12,12917,2,7628,21071,1,NL
2br02b-T3-1-ht-5,5,T3,2br02b-T3-15,ht,ht,58,69,8,9,58.184,91,65,0,10,4,3,9,0,0,0,0,20,25718,8,19837,58184,4,NL
2br02b-T3-1-ht-6,6,T3,2br02b-T3-16,ht,ht,74,102,11,14,62.156,117,92,0,15,1,4,5,0,0,0,0,24,29773,8,21808,62156,3,NL
2br02b-T3-1-ht-7,7,T3,2br02b-T3-17,ht,ht,194,223,37,40,411.542,504,338,0,76,7,20,63,0,0,0,0,116,320287,41,281543,411542,4,NL
2br02b-T3-1-ht-8,8,T3,2br02b-T3-18,ht,ht,106,117,17,16,154.736,189,138,0,22,2,7,20,0,0,0,0,34,23614,6,9925,154736,4,NL
2br02b-T3-1-ht-9,9,T3,2br02b-T3-19,ht,ht,94,108,17,16,52.92,159,116,0,22,3,3,15,0,0,0,0,21,22465,6,14465,52920,3,NL
2br02b-T3-1-ht-10,10,T3,2br02b-T3-110,ht,ht,330,407,57,66,321.31,520,399,0,76,9,6,30,0,0,0,0,87,173747,20,139266,321310,5,NL
2br02b-T3-1-ht-11,11,T3,2br02b-T3-111,ht,ht,107,123,20,20,217.34,277,219,0,27,2,10,19,0,0,0,0,51,138925,23,125304,217340,4,NL
2br02b-T3-1-ht-12,12,T3,2br02b-T3-112,ht,ht,269,308,51,47,563.509,572,424,0,70,7,13,58,0,0,0,0,117,477117,48,444042,563509,4,NL
2br02b-T3-1-ht-13,13,T3,2br02b-T3-113,ht,ht,169,225,28,34,181.635,311,233,0,40,7,5,26,0,0,0,0,59,96945,20,78185,181635,4,NL
2br02b-T3-1-ht-14,14,T3,2br02b-T3-114,ht,ht,138,166,23,24,142.477,209,168,0,26,4,3,8,0,0,0,0,35,97949,12,87095,142477,3,NL
2br02b-T3-1-ht-15,15,T3,2br02b-T3-115,ht,ht,191,206,32,34,172.302,284,209,0,45,7,5,18,0,0,0,0,57,113696,19,93747,172302,3,NL
2br02b-T3-1-ht-16,16,T3,2br02b-T3-116,ht,ht,83,87,14,14,53.403,129,92,0,17,1,1,18,0,0,0,0,31,38918,8,26580,53403,1,NL
2br02b-T3-1-ht-17,17,T3,2br02b-T3-117,ht,ht,35,43,7,8,18.892,53,37,0,9,2,1,4,0,0,0,0,10,11866,1,6900,18892,1,NL
2br02b-T3-1-ht-18,18,T3,2br02b-T3-118,ht,ht,22,25,5,6,29.838,47,33,0,10,2,2,0,0,0,0,0,11,13566,4,10146,29838,2,NL
2br02b-T3-1-ht-19,19,T3,2br02b-T3-119,ht,ht,29,37,7,8,9651.694,7853,5637,3,1130,352,125,606,0,0,0,0,1742,169028143,579,168427588,181781561,7,NL
2br02b-T3-1-ht-20,20,T3,2br02b-T3-120,ht,ht,30,29,5,5,63.943,64,42,0,7,3,3,9,0,0,0,0,18,23758,5,17341,63943,3,NL
2br02b-T3-1-ht-21,21,T3,2br02b-T3-121,ht,ht,28,37,6,6,70.621,58,45,0,8,2,2,1,0,0,0,0,12,35832,5,32980,70621,2,NL
2br02b-T3-1-ht-22,22,T3,2br02b-T3-122,ht,ht,36,23,8,4,10.934,26,20,0,3,1,1,1,0,0,0,0,6,6555,1,3873,10934,1,NL
2br02b-T3-1-ht-23,23,T3,2br02b-T3-123,ht,ht,29,31,6,6,13.587,51,32,0,8,1,1,9,0,0,0,0,10,6800,2,2507,13587,1,NL
2br02b-T3-1-ht-24,24,T3,2br02b-T3-124,ht,ht,34,30,7,6,25.568,43,31,0,5,2,3,2,0,0,0,0,8,3609,0,0,25568,3,NL
2br02b-T3-1-ht-25,25,T3,2br02b-T3-125,ht,ht,140,139,26,23,118.38,175,125,0,26,8,7,9,0,0,0,0,30,56996,12,48500,118380,5,NL
2br02b-T3-1-ht-26,26,T3,2br02b-T3-126,ht,ht,135,139,25,23,388.506,199,142,0,24,12,8,13,0,0,0,0,47,291100,15,273943,388506,5,NL
2br02b-T3-1-ht-27,27,T3,2br02b-T3-127,ht,ht,44,50,8,8,40.509,83,55,0,10,5,5,8,0,0,0,0,18,18940,4,11363,40509,4,NL
2br02b-T3-1-ht-28,28,T3,2br02b-T3-128,ht,ht,172,196,30,32,278.753,291,220,0,36,6,9,20,0,0,0,0,56,129437,16,109485,278753,7,NL
2br02b-T3-1-ht-29,29,T3,2br02b-T3-129,ht,ht,286,325,53,49,1199.351,583,433,0,69,12,16,53,0,0,0,0,130,945086,66,913846,1199351,8,NL
2br02b-T3-1-ht-30,30,T3,2br02b-T3-130,ht,ht,86,84,16,14,71.84,176,122,0,27,4,2,21,0,0,0,0,30,35269,10,25917,71840,2,NL
2br02b-T3-1-ht-31,31,T3,2br02b-T3-131,ht,ht,143,161,27,31,605.837,306,217,0,43,8,10,28,0,0,0,0,69,457297,23,430993,605837,4,NL
2br02b-T3-1-ht-32,32,T3,2br02b-T3-132,ht,ht,61,65,11,12,73.75,161,120,0,24,3,4,10,0,0,0,0,30,27224,9,16617,73750,4,NL
2br02b-T3-1-ht-33,33,T3,2br02b-T3-133,ht,ht,162,180,30,32,154.117,242,176,0,35,10,3,18,0,0,0,0,48,97091,15,79983,154117,3,NL
2br02b-T3-1-ht-34,34,T3,2br02b-T3-134,ht,ht,57,64,10,10,102.792,93,65,0,12,6,4,6,0,0,0,0,22,82037,8,73787,102792,3,NL
2br02b-T3-1-ht-35,35,T3,2br02b-T3-135,ht,ht,36,44,7,8,11.539,46,33,0,8,4,1,0,0,0,0,0,8,5873,1,2034,11539,1,NL
2br02b-T3-1-ht-36,36,T3,2br02b-T3-136,ht,ht,255,283,44,45,570.045,381,287,0,54,13,4,23,0,0,0,0,73,451008,26,427922,570045,3,NL
2br02b-T3-1-ht-37,37,T3,2br02b-T3-137,ht,ht,30,30,9,9,28.558,36,17,3,8,4,2,2,0,0,0,0,16,15128,7,9746,28558,2,NL
2br02b-T3-1-ht-38,38,T3,2br02b-T3-138,ht,ht,281,287,32,33,3510.801,591,414,0,54,48,16,59,0,0,0,0,169,2931589,69,2881648,3510801,6,NL
2br02b-T3-1-ht-39,39,T3,2br02b-T3-139,ht,ht,113,110,21,17,112.164,139,102,0,19,3,2,13,0,0,0,0,36,48196,7,33801,112164,3,NL
2br02b-T3-1-ht-40,40,T3,2br02b-T3-140,ht,ht,117,149,23,27,429.849,333,253,0,47,10,6,17,0,0,0,0,71,366241,20,340544,429849,4,NL
2br02b-T3-1-ht-41,41,T3,2br02b-T3-141,ht,ht,159,169,26,27,209.155,263,184,0,33,15,6,25,0,0,0,0,60,140509,23,122621,209155,5,NL
2br02b-T3-1-ht-42,42,T3,2br02b-T3-142,ht,ht,171,205,32,35,600.398,309,221,0,45,6,13,24,0,0,0,0,69,232896,26,212080,600398,3,NL
2br02b-T3-1-ht-43,43,T3,2br02b-T3-143,ht,ht,33,54,6,10,19.601,76,56,0,12,1,1,6,0,0,0,0,13,10201,2,4890,19601,1,NL
2br02b-T3-1-ht-44,44,T3,2br02b-T3-144,ht,ht,103,98,16,17,63.623,164,116,0,25,4,9,10,0,0,0,0,28,36792,7,26716,63623,2,NL
2br02b-T3-1-ht-45,45,T3,2br02b-T3-145,ht,ht,213,217,36,36,982.629,282,205,0,40,12,3,22,0,0,0,0,67,951869,28,930566,982629,1,NL
2br02b-T3-1-ht-46,46,T3,2br02b-T3-146,ht,ht,147,135,26,21,516.064,182,134,0,24,3,2,19,0,0,0,0,54,492287,19,471909,516064,2,NL
2br02b-T3-1-ht-47,47,T3,2br02b-T3-147,ht,ht,236,274,39,47,631.749,501,361,0,67,9,8,56,0,0,0,0,95,543522,33,511472,631749,3,NL
2br02b-T3-1-ht-48,48,T3,2br02b-T3-148,ht,ht,62,58,12,12,54.577,94,64,0,15,4,2,9,0,0,0,0,13,17171,5,12371,54577,2,NL
2br02b-T3-1-ht-49,49,T3,2br02b-T3-149,ht,ht,100,107,20,21,119.141,150,106,0,22,8,3,11,0,0,0,0,31,87618,11,77178,119141,3,NL
2br02b-T3-1-ht-50,50,T3,2br02b-T3-150,ht,ht,103,117,19,21,54.958,167,117,0,23,8,1,18,0,0,0,0,42,35842,10,20253,54958,1,NL
2br02b-T3-1-ht-51,51,T3,2br02b-T3-151,ht,ht,31,42,6,7,560.348,118,75,0,12,7,7,17,0,0,0,0,28,538203,12,529502,560348,3,NL
2br02b-T3-1-ht-52,52,T3,2br02b-T3-152,ht,ht,17,5,3,1,28.857,27,9,0,3,4,2,9,0,0,0,0,12,13107,4,8106,28857,2,NL
2br02b-T3-1-ht-53,53,T3,2br02b-T3-153,ht,ht,19,21,4,4,19.009,25,14,0,5,4,1,1,0,0,0,0,7,15161,3,13377,19009,1,NL
2br02b-T3-1-ht-54,54,T3,2br02b-T3-154,ht,ht,84,93,14,16,56.163,105,76,0,15,9,4,1,0,0,0,0,22,26969,5,18390,56163,4,NL
2br02b-T3-1-ht-55,55,T3,2br02b-T3-155,ht,ht,288,343,51,65,601.018,528,381,0,82,20,3,42,0,0,0,0,107,336899,34,297427,601018,3,NL
2br02b-T3-1-ht-56,56,T3,2br02b-T3-156,ht,ht,110,134,20,21,263.234,181,137,0,23,9,2,10,0,0,0,0,35,232887,10,220618,263234,2,NL
2br02b-T3-1-ht-57,57,T3,2br02b-T3-157,ht,ht,189,221,36,36,558.222,290,214,0,41,11,5,19,0,0,0,0,61,500387,18,478183,558222,5,NL
2br02b-T3-1-ht-58,58,T3,2br02b-T3-158,ht,ht,121,130,21,23,153.202,163,115,0,25,11,1,11,0,0,0,0,43,81167,15,64143,153202,1,NL
2br02b-T3-1-ht-59,59,T3,2br02b-T3-159,ht,ht,395,416,76,75,862.952,691,494,0,101,19,3,74,0,0,0,0,162,779023,54,722196,862952,3,NL
2br02b-T3-1-ht-60,60,T3,2br02b-T3-160,ht,ht,95,101,16,18,109.73,131,91,0,20,12,2,6,0,0,0,0,34,78834,10,66669,109730,2,NL
2br02b-T3-1-ht-61,61,T3,2br02b-T3-161,ht,ht,27,34,5,6,16.31,43,29,0,5,4,1,4,0,0,0,0,14,9441,3,3486,16310,1,NL
2br02b-T3-1-ht-62,62,T3,2br02b-T3-162,ht,ht,59,75,10,14,44.465,89,60,0,14,12,3,0,0,0,0,0,19,19653,6,13206,44465,3,NL
2br02b-T4-1-pe-1,1,T4,2br02b-T4-11,pe,pe,6,6,1,1,5.281,0,0,0,0,0,0,0,0,0,0,0,0,0,0,0,5281,1,NL
2br02b-T4-1-pe-2,2,T4,2br02b-T4-12,pe,pe,31,24,4,5,58.498,14,11,0,2,1,0,0,0,0,0,0,2,39521,2,39521,58498,1,NL
2br02b-T4-1-pe-3,3,T4,2br02b-T4-13,pe,pe,85,118,15,15,109.559,26,25,0,1,0,0,0,0,0,0,0,5,81811,3,80578,109559,2,NL
2br02b-T4-1-pe-4,4,T4,2br02b-T4-14,pe,pe,44,48,8,7,61.118,7,4,0,0,0,0,3,0,0,0,0,5,19471,5,19471,61118,2,NL
2br02b-T4-1-pe-5,5,T4,2br02b-T4-15,pe,pe,58,74,8,9,283.095,164,81,0,8,0,0,75,0,0,0,0,23,227700,5,217804,283095,2,NL
2br02b-T4-1-pe-6,6,T4,2br02b-T4-16,pe,pe,74,82,11,12,94.56,9,4,0,0,0,0,5,0,0,0,0,4,6982,2,5747,94560,1,NL
2br02b-T4-1-pe-7,7,T4,2br02b-T4-17,pe,pe,194,193,37,34,513.157,90,60,0,8,1,0,18,0,1,2,0,37,381990,23,375128,513157,2,NL
2br02b-T4-1-pe-8,8,T4,2br02b-T4-18,pe,pe,106,116,17,17,163.027,43,38,5,0,0,0,0,0,0,0,0,20,103916,5,96461,163027,2,NL
2br02b-T4-1-pe-9,9,T4,2br02b-T4-19,pe,pe,94,110,17,18,30.523,4,3,0,1,0,0,0,0,0,0,0,2,8447,1,7978,30523,1,NL
2br02b-T4-1-pe-10,10,T4,2br02b-T4-110,pe,pe,330,355,57,57,1038.478,168,108,0,14,3,0,43,0,0,0,0,54,839281,26,824575,1038478,6,NL
2br02b-T4-1-pe-11,11,T4,2br02b-T4-111,pe,pe,107,127,20,20,619.958,129,94,0,4,1,0,30,0,0,0,0,40,492985,15,480890,619958,4,NL
2br02b-T4-1-pe-12,12,T4,2br02b-T4-112,pe,pe,269,322,51,53,598.698,117,84,3,7,1,0,22,0,0,0,0,43,349577,21,338234,598698,6,NL
2br02b-T4-1-pe-13,13,T4,2br02b-T4-113,pe,pe,169,212,28,31,494.135,118,71,0,7,2,9,29,0,0,0,0,49,359031,31,349917,494135,4,NL
2br02b-T4-1-pe-14,14,T4,2br02b-T4-114,pe,pe,138,153,23,23,478.202,51,32,0,2,0,0,17,0,0,0,0,17,376522,9,373568,478202,3,NL
2br02b-T4-1-pe-15,15,T4,2br02b-T4-115,pe,pe,191,231,32,42,200.571,40,31,0,4,0,0,5,0,0,0,0,18,130628,7,125549,200571,4,NL
2br02b-T4-1-pe-16,16,T4,2br02b-T4-116,pe,pe,83,80,14,13,199.024,72,25,0,5,0,23,19,0,0,0,0,13,131889,7,129499,199024,5,NL
2br02b-T4-1-pe-17,17,T4,2br02b-T4-117,pe,pe,35,40,7,7,25.756,2,1,0,0,0,0,1,0,0,0,0,2,17097,1,16144,25756,1,NL
2br02b-T4-1-pe-18,18,T4,2br02b-T4-118,pe,pe,22,25,5,5,30.869,8,4,0,1,0,0,3,0,0,0,0,7,16569,4,14584,30869,1,NL
2br02b-T4-1-pe-19,19,T4,2br02b-T4-119,pe,pe,29,35,7,8,18.14,0,0,0,0,0,0,0,0,0,0,0,0,0,0,0,18140,1,NL
2br02b-T4-1-pe-20,20,T4,2br02b-T4-120,pe,pe,30,43,5,8,99.625,33,24,0,4,1,0,4,0,0,0,0,12,64155,8,62269,99625,1,NL
2br02b-T4-1-pe-21,21,T4,2br02b-T4-121,pe,pe,28,32,6,6,28.56,9,9,0,0,0,0,0,0,0,0,0,5,16731,1,14899,28560,1,NL
2br02b-T4-1-pe-22,22,T4,2br02b-T4-122,pe,pe,36,42,8,8,144.772,166,78,0,17,0,9,62,0,0,0,0,40,53519,11,38416,144772,6,NL
2br02b-T4-1-pe-23,23,T4,2br02b-T4-123,pe,pe,29,29,6,5,184.262,18,11,0,0,0,0,7,0,0,0,0,8,75058,3,72749,184262,2,NL
2br02b-T4-1-pe-24,24,T4,2br02b-T4-124,pe,pe,34,40,7,8,981.1,115,59,0,9,0,6,41,0,0,0,0,40,155227,19,145734,981100,4,NL
2br02b-T4-1-pe-25,25,T4,2br02b-T4-125,pe,pe,140,141,26,26,74.43,11,1,0,0,4,0,6,0,0,0,0,9,19641,5,16906,74430,3,NL
2br02b-T4-1-pe-26,26,T4,2br02b-T4-126,pe,pe,135,163,25,29,187.996,23,16,0,2,2,0,3,0,0,0,0,12,127374,8,125858,187996,3,NL
2br02b-T4-1-pe-27,27,T4,2br02b-T4-127,pe,pe,44,41,8,7,29.469,12,10,0,2,0,0,0,0,0,0,0,4,18843,2,17750,29469,1,NL
2br02b-T4-1-pe-28,28,T4,2br02b-T4-128,pe,pe,172,179,30,30,222.138,27,22,0,2,0,0,3,0,0,0,0,12,157826,7,154514,222138,1,NL
2br02b-T4-1-pe-29,29,T4,2br02b-T4-129,pe,pe,286,311,53,52,275.974,68,31,0,4,2,0,31,0,0,0,0,24,148948,13,143289,275974,3,NL
2br02b-T4-1-pe-30,30,T4,2br02b-T4-130,pe,pe,86,93,16,17,114.733,45,35,0,1,2,0,7,0,0,0,0,23,79583,11,74639,114733,2,NL
2br02b-T4-1-pe-31,31,T4,2br02b-T4-131,pe,pe,143,174,27,33,71.979,25,12,0,3,2,0,8,0,0,0,0,13,32606,6,28509,71979,2,NL
2br02b-T4-1-pe-32,32,T4,2br02b-T4-132,pe,pe,61,60,11,11,52.98,53,18,0,5,2,0,28,0,0,0,0,13,23724,7,20288,52980,2,NL
2br02b-T4-1-pe-33,33,T4,2br02b-T4-133,pe,pe,162,176,30,34,199.929,147,69,0,15,5,0,58,0,0,0,0,38,95170,12,81614,199929,2,NL
2br02b-T4-1-pe-34,34,T4,2br02b-T4-134,pe,pe,57,53,10,10,42.362,19,12,0,2,4,0,1,0,0,0,0,10,24768,6,22892,42362,1,NL
2br02b-T4-1-pe-35,35,T4,2br02b-T4-135,pe,pe,36,39,7,7,581.679,19,15,0,3,0,0,1,0,0,0,0,6,11825,3,10699,581679,1,NL
2br02b-T4-1-pe-36,36,T4,2br02b-T4-136,pe,pe,255,236,44,42,671.672,48,29,0,1,6,0,12,0,0,0,0,30,644652,17,637737,671672,2,NL
2br02b-T4-1-pe-37,37,T4,2br02b-T4-137,pe,pe,30,28,9,9,21.638,3,0,0,1,0,0,2,0,0,0,0,3,9249,3,9249,21638,1,NL
2br02b-T4-1-pe-38,38,T4,2br02b-T4-138,pe,pe,281,248,32,31,1408.914,242,177,0,13,7,0,45,0,0,0,0,105,1320347,46,1292972,1408914,2,NL
2br02b-T4-1-pe-39,39,T4,2br02b-T4-139,pe,pe,113,112,21,17,39.281,6,1,0,0,2,0,3,0,0,0,0,6,21960,5,21224,39281,1,NL
2br02b-T4-1-pe-40,40,T4,2br02b-T4-140,pe,pe,117,131,23,27,451.93,79,49,0,9,5,0,16,0,0,0,0,31,408085,17,401412,451930,2,NL
2br02b-T4-1-pe-41,41,T4,2br02b-T4-141,pe,pe,159,139,26,23,748.237,73,50,0,6,5,0,12,0,0,0,0,28,500906,17,495098,748237,3,NL
2br02b-T4-1-pe-42,42,T4,2br02b-T4-142,pe,pe,171,186,32,30,509.254,95,61,0,9,3,5,17,0,0,0,0,30,408615,13,400476,509254,5,NL
2br02b-T4-1-pe-43,43,T4,2br02b-T4-143,pe,pe,33,31,6,6,15.358,3,3,0,0,0,0,0,0,0,0,0,2,5406,1,5046,15358,1,NL
2br02b-T4-1-pe-44,44,T4,2br02b-T4-144,pe,pe,103,98,16,17,9.747,0,0,0,0,0,0,0,0,0,0,0,0,0,0,0,9747,1,NL
2br02b-T4-1-pe-45,45,T4,2br02b-T4-145,pe,pe,213,241,36,38,2389.467,46,43,0,1,2,0,0,0,0,0,0,16,1898258,9,1894466,2389467,3,NL
2br02b-T4-1-pe-46,46,T4,2br02b-T4-146,pe,pe,147,162,26,26,580.253,73,56,0,5,0,0,12,0,0,0,0,28,515861,13,509625,580253,2,NL
2br02b-T4-1-pe-47,47,T4,2br02b-T4-147,pe,pe,236,256,39,44,196.801,63,43,0,9,0,0,11,0,0,0,0,13,111096,5,107007,196801,4,NL
2br02b-T4-1-pe-48,48,T4,2br02b-T4-148,pe,pe,62,47,12,9,35.295,29,5,0,0,2,20,2,0,0,0,0,5,22762,4,22059,35295,1,NL
2br02b-T4-1-pe-49,49,T4,2br02b-T4-149,pe,pe,100,99,20,21,156.816,156,67,0,16,4,6,63,0,0,0,0,32,92554,17,85715,156816,3,NL
2br02b-T4-1-pe-50,50,T4,2br02b-T4-150,pe,pe,103,105,19,19,74.724,50,21,0,3,4,0,22,0,0,0,0,16,46082,10,43957,74724,2,NL
2br02b-T4-1-pe-51,51,T4,2br02b-T4-151,pe,pe,31,43,6,7,18.326,4,0,0,0,2,0,2,0,0,0,0,4,10900,3,10181,18326,1,NL
2br02b-T4-1-pe-52,52,T4,2br02b-T4-152,pe,pe,17,14,3,3,12.561,4,0,0,0,2,0,2,0,0,0,0,4,8483,2,7061,12561,1,NL
2br02b-T4-1-pe-53,53,T4,2br02b-T4-153,pe,pe,19,28,4,5,9.734,4,0,0,0,2,0,2,0,0,0,0,4,6705,2,4831,9734,1,NL
2br02b-T4-1-pe-54,54,T4,2br02b-T4-154,pe,pe,84,76,14,15,305.806,76,27,0,4,5,0,40,0,0,0,0,21,271704,11,266266,305806,3,NL
2br02b-T4-1-pe-55,55,T4,2br02b-T4-155,pe,pe,288,340,51,59,464.31,214,87,0,17,9,1,100,0,0,0,0,62,357211,28,341755,464310,4,NL
2br02b-T4-1-pe-56,56,T4,2br02b-T4-156,pe,pe,110,137,20,23,159.895,88,50,0,5,4,1,28,0,0,0,0,29,135052,13,127835,159895,2,NL
2br02b-T4-1-pe-57,57,T4,2br02b-T4-157,pe,pe,189,218,36,33,656.579,251,162,0,27,9,10,41,0,0,0,2,62,492981,24,474013,656579,3,NL
2br02b-T4-1-pe-58,58,T4,2br02b-T4-158,pe,pe,121,148,21,24,336.735,123,85,0,6,2,10,20,0,0,0,0,32,269996,17,261893,336735,4,NL
2br02b-T4-1-pe-59,59,T4,2br02b-T4-159,pe,pe,395,435,76,84,614.243,205,96,0,17,6,16,68,0,1,1,0,64,474039,31,457104,614243,4,NL
2br02b-T4-1-pe-60,60,T4,2br02b-T4-160,pe,pe,95,96,16,17,123.642,54,33,0,5,0,0,16,0,0,0,0,12,100438,6,97718,123642,2,NL
2br02b-T4-1-pe-61,61,T4,2br02b-T4-161,pe,pe,27,35,5,6,71.06,79,33,0,4,3,7,32,0,0,0,0,15,29286,6,24796,71060,3,NL
2br02b-T4-1-pe-62,62,T4,2br02b-T4-162,pe,pe,59,65,10,12,228.358,42,21,0,2,5,0,14,0,0,0,0,19,35752,8,30393,228358,5,NL
2br02b-T4-2-ht-1,63,T4,2br02b-T4-21,ht,ht,34,46,7,9,68.582,58,34,0,8,10,0,6,0,0,0,0,24,55236,9,47298,68582,1,NL
2br02b-T4-2-ht-2,64,T4,2br02b-T4-22,ht,ht,282,276,47,42,395.748,281,221,0,41,16,0,3,0,0,0,0,70,302944,22,279775,395748,1,NL
2br02b-T4-2-ht-3,65,T4,2br02b-T4-23,ht,ht,144,126,26,24,276.09,132,97,0,23,9,0,3,0,0,0,0,37,217008,11,204053,276090,2,NL
2br02b-T4-2-ht-4,66,T4,2br02b-T4-24,ht,ht,142,161,28,29,261.098,180,140,0,30,6,0,4,0,0,0,0,41,200379,9,185007,261098,3,NL
2br02b-T4-2-ht-5,67,T4,2br02b-T4-25,ht,ht,194,193,32,28,292.839,203,166,0,27,5,0,5,0,0,0,0,67,245395,20,222343,292839,2,NL
2br02b-T4-2-ht-6,68,T4,2br02b-T4-26,ht,ht,163,157,31,28,129.551,191,128,0,29,14,6,14,0,0,0,0,45,56868,18,43613,129551,4,NL
2br02b-T4-2-ht-7,69,T4,2br02b-T4-27,ht,ht,65,58,12,9,31.219,58,46,0,8,4,0,0,0,0,0,0,8,14262,2,11015,31219,1,NL
2br02b-T4-2-ht-8,70,T4,2br02b-T4-28,ht,ht,68,67,11,11,106.879,93,61,0,12,7,0,13,0,0,0,0,29,63149,11,53354,106879,2,NL
2br02b-T4-2-ht-9,71,T4,2br02b-T4-29,ht,ht,51,58,12,14,28.996,58,41,0,13,4,0,0,0,0,0,0,12,16280,6,13609,28996,1,NL
2br02b-T4-2-ht-10,72,T4,2br02b-T4-210,ht,ht,140,112,26,20,110.72,123,92,0,19,8,0,4,0,0,0,0,32,72245,11,61115,110720,2,NL
2br02b-T4-2-ht-11,73,T4,2br02b-T4-211,ht,ht,109,109,21,21,59.428,113,86,0,20,5,0,2,0,0,0,0,24,39328,8,30477,59428,1,NL
2br02b-T4-2-ht-12,74,T4,2br02b-T4-212,ht,ht,20,21,4,4,46.305,31,17,0,4,5,0,5,0,0,0,0,12,31829,6,28776,46305,2,NL
2br02b-T4-2-ht-13,75,T4,2br02b-T4-213,ht,ht,20,24,3,4,15.187,24,17,0,3,4,0,0,0,0,0,0,7,9296,2,6031,15187,1,NL
2br02b-T4-2-ht-14,76,T4,2br02b-T4-214,ht,ht,81,88,12,13,168.38,88,71,0,12,5,0,0,0,0,0,0,18,151874,7,145882,168380,1,NL
2br02b-T4-2-ht-15,77,T4,2br02b-T4-215,ht,ht,192,205,34,34,401.565,225,184,0,34,3,0,4,0,0,0,0,47,294332,19,281490,401565,3,NL
2br02b-T4-2-ht-16,78,T4,2br02b-T4-216,ht,ht,58,51,9,7,42.338,65,47,0,7,4,0,7,0,0,0,0,18,13311,4,6867,42338,2,NL
2br02b-T4-2-ht-17,79,T4,2br02b-T4-217,ht,ht,88,106,17,19,86.7,125,92,0,19,7,0,7,0,0,0,0,37,56468,12,43208,86700,2,NL
2br02b-T4-2-ht-18,80,T4,2br02b-T4-218,ht,ht,179,215,30,37,396.974,232,179,0,37,10,0,6,0,0,0,0,57,170722,25,155307,396974,3,NL
2br02b-T4-2-ht-19,81,T4,2br02b-T4-219,ht,ht,133,158,21,27,211.719,197,145,0,28,11,0,13,0,0,0,0,61,167505,15,142897,211719,2,NL
2br02b-T4-2-ht-20,82,T4,2br02b-T4-220,ht,ht,109,121,20,22,7913.902,5893,4409,7,916,273,37,251,0,0,0,0,1576,8315266,478,7794801,9421266,6,NL
2br02b-T4-2-ht-21,83,T4,2br02b-T4-221,ht,ht,53,47,10,9,40.903,55,37,0,9,8,0,1,0,0,0,0,22,17874,4,9388,40903,2,NL
2br02b-T4-2-ht-22,84,T4,2br02b-T4-222,ht,ht,34,34,5,5,28.007,38,28,0,4,4,0,2,0,0,0,0,14,13879,3,7960,28007,2,NL
2br02b-T4-2-ht-23,85,T4,2br02b-T4-223,ht,ht,147,134,30,27,7346.143,5588,4204,7,878,252,45,202,0,0,0,0,1487,7057905,451,6567736,8719439,8,NL
2br02b-T4-2-ht-24,86,T4,2br02b-T4-224,ht,ht,31,35,4,6,32.35,35,26,0,5,4,0,0,0,0,0,0,17,22090,4,16064,32350,1,NL
2br02b-T4-2-ht-25,87,T4,2br02b-T4-225,ht,ht,44,35,8,7,25.062,35,25,0,6,4,0,0,0,0,0,0,12,13749,4,9670,25062,1,NL
2br02b-T4-2-ht-26,88,T4,2br02b-T4-226,ht,ht,287,316,52,55,295.953,339,262,0,56,10,0,11,0,0,0,0,83,246875,29,222194,295953,1,NL
2br02b-T4-2-ht-27,89,T4,2br02b-T4-227,ht,ht,126,135,20,22,1143.829,137,109,0,21,6,0,1,0,0,0,0,43,1083629,9,1068032,1143829,2,NL
2br02b-T4-2-ht-28,90,T4,2br02b-T4-228,ht,ht,51,46,8,8,109.404,55,43,0,7,5,0,0,0,0,0,0,19,64029,3,56517,109404,2,NL
2br02b-T4-2-ht-29,91,T4,2br02b-T4-229,ht,ht,245,258,44,42,5593.772,9586,7260,14,1491,420,74,327,0,0,0,0,1272,5887550,387,5468452,6840828,7,NL
2br02b-T4-2-ht-30,92,T4,2br02b-T4-230,ht,ht,29,33,4,4,70.021,43,31,0,3,4,0,5,0,0,0,0,20,46236,9,40380,70021,2,NL
2br02b-T4-2-ht-31,93,T4,2br02b-T4-231,ht,ht,260,290,46,46,5140.327,4667,3527,7,727,203,37,166,0,0,0,0,1166,4772739,354,4391189,5679662,6,NL
2br02b-T4-2-ht-32,94,T4,2br02b-T4-232,ht,ht,56,56,11,10,4926.479,4115,3093,7,644,180,37,154,0,0,0,0,1069,4571700,328,4226361,5421172,4,NL
2br02b-T4-2-ht-33,95,T4,2br02b-T4-233,ht,ht,293,319,49,56,442.986,368,271,4,58,13,0,22,0,0,0,0,90,364748,29,335285,442986,2,NL
2br02b-T4-2-ht-34,96,T4,2br02b-T4-234,ht,ht,70,64,13,12,4858.74,3716,2796,3,582,172,37,126,0,0,0,0,973,4100775,299,3787258,4680792,3,NL
2br02b-T4-2-ht-35,97,T4,2br02b-T4-235,ht,ht,55,71,10,12,34.285,71,53,0,11,7,0,0,0,0,0,0,19,19574,4,13306,34285,1,NL
2br02b-T4-2-ht-36,98,T4,2br02b-T4-236,ht,ht,59,58,10,10,56.949,60,46,0,9,4,0,1,0,0,0,0,16,29797,3,22971,56949,2,NL
2br02b-T4-2-ht-37,99,T4,2br02b-T4-237,ht,ht,107,100,16,17,169.67,122,91,0,18,4,0,9,0,0,0,0,42,119128,12,104499,169670,2,NL
2br02b-T4-2-ht-38,100,T4,2br02b-T4-238,ht,ht,57,51,10,10,50.354,67,46,0,10,4,0,7,0,0,0,0,19,25410,6,18820,50354,2,NL
2br02b-T4-2-ht-39,101,T4,2br02b-T4-239,ht,ht,22,18,4,3,20.764,18,12,0,2,4,0,0,0,0,0,0,12,14976,5,10711,20764,1,NL
2br02b-T4-2-ht-40,102,T4,2br02b-T4-240,ht,ht,118,117,20,20,94.617,131,99,0,22,7,0,3,0,0,0,0,37,55912,10,43872,94617,2,NL
2br02b-T4-2-ht-41,103,T4,2br02b-T4-241,ht,ht,231,240,36,35,627.771,259,199,0,36,16,0,8,0,0,0,0,79,573954,27,548749,627771,1,NL
2br02b-T4-2-ht-42,104,T4,2br02b-T4-242,ht,ht,48,42,8,8,35.453,42,31,0,7,4,0,0,0,0,0,0,9,15657,2,11671,35453,2,NL
2br02b-T4-2-ht-43,105,T4,2br02b-T4-243,ht,ht,442,501,81,87,3291.223,3400,2557,3,535,129,44,132,0,0,0,0,739,2891159,235,2658690,3566163,6,NL
2br02b-T4-2-ht-44,106,T4,2br02b-T4-244,ht,ht,21,24,3,3,90.264,40,29,0,2,1,0,8,0,0,0,0,13,58019,3,54080,90264,2,NL
2br02b-T4-2-ht-45,107,T4,2br02b-T4-245,ht,ht,65,80,13,13,2802.137,4640,3476,6,732,173,60,193,0,0,0,0,563,2678714,179,2502236,3030013,3,NL
2br02b-T4-2-ht-46,108,T4,2br02b-T4-246,ht,ht,76,93,14,19,109.645,117,79,0,19,7,0,12,0,0,0,0,40,45552,13,33637,109645,2,NL
2br02b-T4-2-ht-47,109,T4,2br02b-T4-247,ht,ht,100,122,20,23,251.419,207,121,0,26,11,14,35,0,0,0,0,66,194471,28,174941,251419,3,NL
2br02b-T4-2-ht-48,110,T4,2br02b-T4-248,ht,ht,68,100,13,17,107.715,132,95,0,19,2,0,16,0,0,0,0,32,58964,12,49880,107715,2,NL
2br02b-T4-2-ht-49,111,T4,2br02b-T4-249,ht,ht,56,68,8,10,28.035,68,57,0,9,2,0,0,0,0,0,0,9,14478,3,12222,28035,1,NL
2br02b-T4-2-ht-50,112,T4,2br02b-T4-250,ht,ht,91,85,16,14,124.124,115,83,0,16,1,0,15,0,0,0,0,34,104413,10,93472,124124,1,NL
2br02b-T4-2-ht-51,113,T4,2br02b-T4-251,ht,ht,229,276,43,50,1330.964,290,230,0,52,7,0,1,0,0,0,0,57,1232820,17,1216013,1330964,2,NL
2br02b-T4-2-ht-52,114,T4,2br02b-T4-252,ht,ht,192,210,35,34,146.707,231,181,0,34,8,0,8,0,0,0,0,56,98527,15,77641,146707,2,NL
2br02b-T4-2-ht-53,115,T4,2br02b-T4-253,ht,ht,219,229,43,44,243.791,249,193,0,44,4,0,8,0,0,0,0,61,160517,20,142652,243791,3,NL
2br02b-T4-2-ht-54,116,T4,2br02b-T4-254,ht,ht,60,71,9,11,45.092,71,59,0,10,2,0,0,0,0,0,0,17,30114,4,23820,45092,1,NL
2br02b-T4-2-ht-55,117,T4,2br02b-T4-255,ht,ht,29,33,6,8,25.461,33,25,0,7,1,0,0,0,0,0,0,2,10857,1,10377,25461,1,NL
2br02b-T4-2-ht-56,118,T4,2br02b-T4-256,ht,ht,127,133,27,29,94.124,155,109,3,29,3,0,11,0,0,0,0,41,52833,16,39455,94124,2,NL
2br02b-T4-2-ht-57,119,T4,2br02b-T4-257,ht,ht,71,75,12,13,207.403,138,91,0,13,5,0,29,0,0,0,0,42,172045,16,160794,207403,2,NL
2br02b-T4-2-ht-58,120,T4,2br02b-T4-258,ht,ht,73,70,12,11,138.537,152,100,0,18,6,0,28,0,0,0,0,47,103688,18,90415,138537,2,NL
2br02b-T4-2-ht-59,121,T4,2br02b-T4-259,ht,ht,120,122,22,20,73.423,142,103,0,20,9,0,10,0,0,0,0,24,47305,8,39878,73423,1,NL
2br02b-T4-2-ht-60,122,T4,2br02b-T4-260,ht,ht,101,103,20,18,58.232,107,77,0,18,10,0,2,0,0,0,0,26,36022,8,27742,58232,1,NL
2br02b-T4-2-ht-61,123,T4,2br02b-T4-261,ht,ht,166,165,28,30,284.123,189,127,0,30,12,16,4,0,0,0,0,50,239983,18,226081,284123,2,NL
